Date,ARIMA,SARIMA,Prophet,LSTM
2015-01-02,,,30.053846912848627,
2015-01-05,,,29.33879899749426,
2015-01-06,,,28.997182487204736,
2015-01-07,,,28.71845023785587,
2015-01-08,,,28.46313053178743,
2015-01-09,,,28.26720362738568,
2015-01-12,,,27.993113368056918,
2015-01-13,,,27.825324626419523,
2015-01-14,,,27.729832505642708,
2015-01-15,,,27.66454335517737,
2015-01-16,,,27.66272855563469,
2015-01-20,,,27.983253800224613,
2015-01-21,,,28.061541932977597,
2015-01-22,,,28.158359352944725,
2015-01-23,,,28.30479190174558,
2015-01-26,,,28.95308314151991,
2015-01-27,,,29.04392816826354,
2015-01-28,,,29.176596935005232,
2015-01-29,,,29.30600257444236,
2015-01-30,,,29.462904926620133,
2015-02-02,,,30.01106530359678,
2015-02-03,,,30.02650616926944,
2015-02-04,,,30.06434191835512,
2015-02-05,,,30.080808976836348,
2015-02-06,,,30.108212017707512,
2015-02-09,,,30.1868023210043,
2015-02-10,,,30.025565271590075,
2015-02-11,,,29.880372411178804,
2015-02-12,,,29.7098120168277,
2015-02-13,,,29.548577306926173,
2015-02-17,,,28.74269630809847,
2015-02-18,,,28.43588931340452,
2015-02-19,,,28.11558794117459,
2015-02-20,,,27.818334858693287,
2015-02-23,,,27.035122244964228,
2015-02-24,,,26.63586772128719,
2015-02-25,,,26.282406660136832,
2015-02-26,,,25.9358348758764,
2015-02-27,,,25.632927911027235,
2015-03-02,,,24.95469720874944,
2015-03-03,,,24.62915163964232,
2015-03-04,,,24.367141244678063,
2015-03-05,,,24.12842812253821,
2015-03-06,,,23.948235188951333,
2015-03-09,,,23.70895147161113,
2015-03-10,,,23.546470689560834,
2015-03-11,,,23.45220943620081,
2015-03-12,,,23.383627944445333,
2015-03-13,,,23.373638615094585,
2015-03-16,,,23.622929508440198,
2015-03-17,,,23.60893580889202,
2015-03-18,,,23.652814450253853,
2015-03-19,,,23.710404945902305,
2015-03-20,,,23.813221197053508,
2015-03-23,,,24.310512270086846,
2015-03-24,,,24.346997014356056,
2015-03-25,,,24.42494020138758,
2015-03-26,,,24.50041337202516,
2015-03-27,,,24.605435411350665,
2015-03-30,,,25.024096112547408,
2015-03-31,,,25.009991636910648,
2015-04-01,,,25.027626176152577,
2015-04-02,,,25.034755865096347,
2015-04-06,,,25.24055872681905,
2015-04-07,,,25.144818810878416,
2015-04-08,,,25.08332660702756,
2015-04-09,,,25.015323824899,
2015-04-10,,,24.975920316095205,
2015-04-13,,,24.984049167233355,
2015-04-14,,,24.84896158986702,
2015-04-15,,,24.75692362885795,
2015-04-16,,,24.667190784645065,
2015-04-17,,,24.614665743437502,
2015-04-20,,,24.630021466954663,
2015-04-21,,,24.51034246501982,
2015-04-22,,,24.438618910198866,
2015-04-23,,,24.373016934615105,
2015-04-24,,,24.34730728309346,
2015-04-27,,,24.44796253217777,
2015-04-28,,,24.35483008857574,
2015-04-29,,,24.307183458259395,
2015-04-30,,,24.26246114577958,
2015-05-01,,,24.25385933471624,
2015-05-04,,,24.38000446607705,
2015-05-05,,,24.28657104277175,
2015-05-06,,,24.234563996492824,
2015-05-07,,,24.18186575667152,
2015-05-08,,,24.16225493217221,
2015-05-11,,,24.244612556534708,
2015-05-12,,,24.135832217633595,
2015-05-13,,,24.069599379557943,
2015-05-14,,,24.004680051034796,
2015-05-15,,,23.975686457084795,
2015-05-18,,,24.053969525127165,
2015-05-19,,,23.953619972228157,
2015-05-20,,,23.90124444349712,
2015-05-21,,,23.855695686301733,
2015-05-22,,,23.851511980834328,
2015-05-26,,,23.976271446377368,
2015-05-27,,,23.96964065192593,
2015-05-28,,,23.971951702462587,
2015-05-29,,,24.01688151137853,
2015-06-01,,,24.34530521452537,
2015-06-02,,,24.333331814972485,
2015-06-03,,,24.369490400771337,
2015-06-04,,,24.411262332264,
2015-06-05,,,24.491901277293994,
2015-06-08,,,24.90301132495132,
2015-06-09,,,24.910622593531087,
2015-06-10,,,24.962865920305383,
2015-06-11,,,25.017741291973348,
2015-06-12,,,25.1091498550161,
2015-06-15,,,25.54648682173052,
2015-06-16,,,25.563738282457454,
2015-06-17,,,25.62756461785842,
2015-06-18,,,25.696810095625324,
2015-06-19,,,25.80613797958597,
2015-06-22,,,26.32425871364869,
2015-06-23,,,26.37853677917719,
2015-06-24,,,26.48449948519671,
2015-06-25,,,26.600706927397336,
2015-06-26,,,26.76131635018253,
2015-06-29,,,27.45092412349664,
2015-06-30,,,27.56451713775933,
2015-07-01,,,27.72860363181753,
2015-07-02,,,27.900206861638587,
2015-07-06,,,28.91266005229357,
2015-07-07,,,29.0442573541346,
2015-07-08,,,29.21461833371636,
2015-07-09,,,29.37972752752261,
2015-07-10,,,29.571347251597235,
2015-07-13,,,30.226979186891107,
2015-07-14,,,30.282269193626068,
2015-07-15,,,30.36340200432664,
2015-07-16,,,30.427493330501136,
2015-07-17,,,30.507757909565413,
2015-07-20,,,30.78609258783002,
2015-07-21,,,30.70863278746173,
2015-07-22,,,30.65765488586262,
2015-07-23,,,30.592889527639823,
2015-07-24,,,30.550173025032784,
2015-07-27,,,30.519802544078285,
2015-07-28,,,30.36699953417976,
2015-07-29,,,30.25756566643813,
2015-07-30,,,30.15260614106493,
2015-07-31,,,30.088942943052256,
2015-08-03,,,30.11460528089208,
2015-08-04,,,30.018958140974195,
2015-08-05,,,29.984198828456396,
2015-08-06,,,29.969736843137504,
2015-08-07,,,30.010293244138964,
2015-08-10,,,30.404769994951398,
2015-08-11,,,30.44071676469769,
2015-08-12,,,30.53640535370915,
2015-08-13,,,30.64784582037946,
2015-08-14,,,30.80638916671101,
2015-08-17,,,31.47567693890759,
2015-08-18,,,31.567483657104475,
2015-08-19,,,31.69730879533085,
2015-08-20,,,31.81946902472752,
2015-08-21,,,31.964097527663416,
2015-08-24,,,32.43937895707747,
2015-08-25,,,32.41695916873807,
2015-08-26,,,32.409677668902795,
2015-08-27,,,32.373746146259535,
2015-08-28,,,32.34164416876014,
2015-08-31,,,32.20404730912469,
2015-09-01,,,31.96092275253441,
2015-09-02,,,31.73080063788272,
2015-09-03,,,31.47365350383349,
2015-09-04,,,31.225693242083317,
2015-09-08,,,30.10443903959817,
2015-09-09,,,29.73492190423918,
2015-09-10,,,29.361412986201493,
2015-09-11,,,29.021725643995364,
2015-09-14,,,28.18515325291302,
2015-09-15,,,27.79450339526544,
2015-09-16,,,27.46295587461724,
2015-09-17,,,27.151193311483272,
2015-09-18,,,26.895255778717605,
2015-09-21,,,26.418988348665337,
2015-09-22,,,26.17580190883288,
2015-09-23,,,26.00046214325898,
2015-09-24,,,25.850567449263146,
2015-09-25,,,25.75908787380522,
2015-09-28,,,25.762606157212,
2015-09-29,,,25.66604346905096,
2015-09-30,,,25.62693050192069,
2015-10-01,,,25.60108927738692,
2015-10-02,,,25.620067294170955,
2015-10-05,,,25.86474442379809,
2015-10-06,,,25.81748507600267,
2015-10-07,,,25.81252299416041,
2015-10-08,,,25.806403934114435,
2015-10-09,,,25.831681549148264,
2015-10-12,,,26.02816017692,
2015-10-13,,,25.947753944341628,
2015-10-14,,,25.903981429043068,
2015-10-15,,,25.855153564264693,
2015-10-16,,,25.835550470107837,
2015-10-19,,,25.90018630713293,
2015-10-20,,,25.78132598976484,
2015-10-21,,,25.70367612004745,
2015-10-22,,,25.626338468896275,
2015-10-23,,,25.5841672540237,
2015-10-26,,,25.61929388637096,
2015-10-27,,,25.503188004677224,
2015-10-28,,,25.43408607992919,
2015-10-29,,,25.370580046464305,
2015-10-30,,,25.34691460883616,
2015-11-02,,,25.4586613181942,
2015-11-03,,,25.372748902904192,
2015-11-04,,,25.33504491472253,
2015-11-05,,,25.30356261954817,
2015-11-06,,,25.31206035255324,
2015-11-09,,,25.517932960057838,
2015-11-10,,,25.462140937218827,
2015-11-11,,,25.45399420370733,
2015-11-12,,,25.451707676606592,
2015-11-13,,,25.48933073396869,
2015-11-16,,,25.78598056893332,
2015-11-17,,,25.762991827105704,
2015-11-18,,,25.789601280400696,
2015-11-19,,,25.82436079684635,
2015-11-20,,,25.9015723854231,
2015-11-23,,,26.333029126389803,
2015-11-24,,,26.359878801010847,
2015-11-25,,,26.438159450072344,
2015-11-27,,,26.656322331317853,
2015-11-30,,,27.24016072520624,
2015-12-01,,,27.31129863142872,
2015-12-02,,,27.428392291028988,
2015-12-03,,,27.547965108480795,
2015-12-04,,,27.70212419786495,
2015-12-07,,,28.293782585784843,
2015-12-08,,,28.3425569529026,
2015-12-09,,,28.423213769009973,
2015-12-10,,,28.49162132114149,
2015-12-11,,,28.57946990739738,
2015-12-14,,,28.881164417118235,
2015-12-15,,,28.804313482092248,
2015-12-16,,,28.746276633258304,
2015-12-17,,,28.672532797983195,
2015-12-18,,,28.6079908834032,
2015-12-21,,,28.41012193872403,
2015-12-22,,,28.159938131940347,
2015-12-23,,,27.92917943886382,
2015-12-24,,,27.67753152990341,
2015-12-28,,,26.78550903065727,
2015-12-29,,,26.41034813832205,
2015-12-30,,,26.071820326049515,
2015-12-31,,,25.73134973445048,
2016-01-04,,,24.69814781194725,
2016-01-05,,,24.34454078826312,
2016-01-06,,,24.05042511144214,
2016-01-07,,,23.7766694911182,
2016-01-08,,,23.55963989512037,
2016-01-11,,,23.210638158649356,
2016-01-12,,,23.015606112546337,
2016-01-13,,,22.89256960854524,
2016-01-14,,,22.799942513419325,
2016-01-15,,,22.77149714789141,
2016-01-19,,,23.00196013429288,
2016-01-20,,,23.06394539704076,
2016-01-21,,,23.147653255124464,
2016-01-22,,,23.28444547479055,
2016-01-25,,,23.92662495057434,
2016-01-26,,,24.02343311034565,
2016-01-27,,,24.16612774946065,
2016-01-28,,,24.309578465197006,
2016-01-29,,,24.484449225384765,
2016-02-01,,,25.10835851206738,
2016-02-02,,,25.15553983380262,
2016-02-03,,,25.22786639221769,
2016-02-04,,,25.281226356866306,
2016-02-05,,,25.3475483893791,
2016-02-08,,,25.550979867873227,
2016-02-09,,,25.43262590027456,
2016-02-10,,,25.33022261449934,
2016-02-11,,,25.20192323315773,
2016-02-12,,,25.08199453051986,
2016-02-16,,,24.423843242288907,
2016-02-17,,,24.147821958824625,
2016-02-18,,,23.85524805644001,
2016-02-19,,,23.582430161782288,
2016-02-22,,,22.85108652642425,
2016-02-23,,,22.461649974037982,
2016-02-24,,,22.11423052832593,
2016-02-25,,,21.769974607059787,
2016-02-26,,,21.46575797963572,
2016-02-29,,,20.76356280052214,
2016-03-01,,,20.42414539037009,
2016-03-02,,,20.145818529575152,
2016-03-03,,,19.8886939003791,
2016-03-04,,,19.6883712909844,
2016-03-07,,,19.382446682554004,
2016-03-08,,,19.19707300606079,
2016-03-09,,,19.080284634383773,
2016-03-10,,,18.98995272191844,
2016-03-11,,,18.959383016628507,
2016-03-14,,,19.157490939711824,
2016-03-15,,,19.13096315372773,
2016-03-16,,,19.164971815491263,
2016-03-17,,,19.215526672528817,
2016-03-18,,,19.31426113189473,
2016-03-21,,,19.8174379770964,
2016-03-22,,,19.86180281006757,
2016-03-23,,,19.950396749975717,
2016-03-24,,,20.03910877031002,
2016-03-28,,,20.6366648812282,
2016-03-29,,,20.64477054831488,
2016-03-30,,,20.685454906148752,
2016-03-31,,,20.716134328568565,
2016-04-01,,,20.77026208182775,
2016-04-04,,,21.014661838879697,
2016-04-05,,,20.940288216849,
2016-04-06,,,20.898958604009653,
2016-04-07,,,20.84973903849664,
2016-04-08,,,20.82760498207518,
2016-04-11,,,20.877763292324893,
2016-04-12,,,20.753409082601816,
2016-04-13,,,20.67056027738797,
2016-04-14,,,20.58858432356404,
2016-04-15,,,20.54252727774726,
2016-04-18,,,20.57134936428461,
2016-04-19,,,20.45485832517362,
2016-04-20,,,20.386029613854145,
2016-04-21,,,20.32324134122877,
2016-04-22,,,20.300466082201226,
2016-04-25,,,20.41240080901,
2016-04-26,,,20.324316948956305,
2016-04-27,,,20.282522254120973,
2016-04-28,,,20.244502141541133,
2016-04-29,,,20.24346597565681,
2016-05-02,,,20.39712858961254,
2016-05-03,,,20.314204110483505,
2016-05-04,,,20.273174744909053,
2016-05-05,,,20.231773277277927,
2016-05-06,,,20.22361553955564,
2016-05-09,,,20.339560243313283,
2016-05-10,,,20.241159788962605,
2016-05-11,,,20.18464443935764,
2016-05-12,,,20.12865272886985,
2016-05-13,,,20.107692149408905,
2016-05-16,,,20.20406364050957,
2016-05-17,,,20.10767331780176,
2016-05-18,,,20.058264353119444,
2016-05-19,,,20.014758925330487,
2016-05-20,,,20.01179126523418,
2016-05-23,,,20.194054222089346,
2016-05-24,,,20.13579221809888,
2016-05-25,,,20.128348572086285,
2016-05-26,,,20.129929542248245,
2016-05-27,,,20.1743722761258,
2016-05-31,,,20.493988275838035,
2016-06-01,,,20.53269589546464,
2016-06-02,,,20.577816049834716,
2016-06-03,,,20.66259702533452,
2016-06-06,,,21.090378052961263,
2016-06-07,,,21.1046459636005,
2016-06-08,,,21.16387747431654,
2016-06-09,,,21.225914176521453,
2016-06-10,,,21.324487911770547,
2016-06-13,,,21.78161536719913,
2016-06-14,,,21.804352629146376,
2016-06-15,,,21.87287696808064,
2016-06-16,,,21.945929349251863,
2016-06-17,,,22.05810119127828,
2016-06-20,,,22.57881194068237,
2016-06-21,,,22.63212037083621,
2016-06-22,,,22.73637520735254,
2016-06-23,,,22.850304523749493,
2016-06-24,,,23.008270704462785,
2016-06-27,,,23.69027042575882,
2016-06-28,,,23.802383332923952,
2016-06-29,,,23.96602215036976,
2016-06-30,,,24.13851370766565,
2016-07-01,,,24.35270598893732,
2016-07-05,,,25.316369056026893,
2016-07-06,,,25.500757225830576,
2016-07-07,,,25.682561853600287,
2016-07-08,,,25.893536827789895,
2016-07-11,,,26.62215622854105,
2016-07-12,,,26.7060871077784,
2016-07-13,,,26.81753578985879,
2016-07-14,,,26.91324935657469,
2016-07-15,,,27.02602993930933,
2016-07-18,,,27.402678418508263,
2016-07-19,,,27.35662869738336,
2016-07-20,,,27.335569717682667,
2016-07-21,,,27.29876927763664,
2016-07-22,,,27.28163308322751,
2016-07-25,,,27.31010508552219,
2016-07-26,,,27.17005998440457,
2016-07-27,,,27.06969244519421,
2016-07-28,,,26.97007103419124,
2016-07-29,,,26.908066984203018,
2016-08-01,,,26.91841733149797,
2016-08-02,,,26.811910322941092,
2016-08-03,,,26.764104533082023,
2016-08-04,,,26.73492040644991,
2016-08-05,,,26.75963989560605,
2016-08-08,,,27.106016120605467,
2016-08-09,,,27.169499287878736,
2016-08-10,,,27.29471177314152,
2016-08-11,,,27.43824535519702,
2016-08-12,,,27.631987221010142,
2016-08-15,,,28.429923957096545,
2016-08-16,,,28.57338510322649,
2016-08-17,,,28.759571971917254,
2016-08-18,,,28.9428494279625,
2016-08-19,,,29.15329863108768,
2016-08-22,,,29.85226308988424,
2016-08-23,,,29.911995202543388,
2016-08-24,,,29.989896657255287,
2016-08-25,,,30.04161010505382,
2016-08-26,,,30.09899242399693,
2016-08-29,,,30.234138632218105,
2016-08-30,,,30.08103864788516,
2016-08-31,,,29.939352659689654,
2016-09-01,,,29.768407515739515,
2016-09-02,,,29.603815590520952,
2016-09-06,,,28.777971814971803,
2016-09-07,,,28.47105393672796,
2016-09-08,,,28.15526076717697,
2016-09-09,,,27.86837995244493,
2016-09-12,,,27.1619098066794,
2016-09-13,,,26.806000803424286,
2016-09-14,,,26.505479161278732,
2016-09-15,,,26.22148245688073,
2016-09-16,,,25.9905544595955,
2016-09-19,,,25.57828749283977,
2016-09-20,,,25.354663215432385,
2016-09-21,,,25.198941816470416,
2016-09-22,,,25.06925499410232,
2016-09-23,,,24.99906935802057,
2016-09-26,,,25.07720893073118,
2016-09-27,,,25.010210022548296,
2016-09-28,,,25.00339491671266,
2016-09-29,,,25.012713991566667,
2016-09-30,,,25.06977269638697,
2016-10-03,,,25.445791417313885,
2016-10-04,,,25.447569376767408,
2016-10-05,,,25.493922382170624,
2016-10-06,,,25.54112443308207,
2016-10-07,,,25.621428549941264,
2016-10-10,,,25.989971831125445,
2016-10-11,,,25.96814963860548,
2016-10-12,,,25.98304769033037,
2016-10-13,,,25.992689177042685,
2016-10-14,,,26.0310949631121,
2016-10-17,,,26.264926709996324,
2016-10-18,,,26.200361125978556,
2016-10-19,,,26.175809379610225,
2016-10-20,,,26.150346806717376,
2016-10-21,,,26.158838583635628,
2016-10-24,,,26.33927403079683,
2016-10-25,,,26.269702805104757,
2016-10-26,,,26.24639194146685,
2016-10-27,,,26.22807218331992,
2016-10-28,,,26.249128424400645,
2016-10-31,,,26.493560477739877,
2016-11-01,,,26.451754727927685,
2016-11-02,,,26.4582367806006,
2016-11-03,,,26.47107130075925,
2016-11-04,,,26.52404432492615,
2016-11-07,,,26.8642225418259,
2016-11-08,,,26.85336404473223,
2016-11-09,,,26.89012678428706,
2016-11-10,,,26.932644300577937,
2016-11-11,,,27.014879369515512,
2016-11-14,,,27.443376057986487,
2016-11-15,,,27.46344013080165,
2016-11-16,,,27.53257801956888,
2016-11-17,,,27.60932916748507,
2016-11-18,,,27.728010413961865,
2016-11-21,,,28.28134813408379,
2016-11-22,,,28.348341844172182,
2016-11-23,,,28.4667825890894,
2016-11-25,,,28.766126966212564,
2016-11-28,,,29.477471553654347,
2016-11-29,,,29.593677385703916,
2016-11-30,,,29.757558833548494,
2016-12-01,,,29.92588756699119,
2016-12-02,,,30.130999884567284,
2016-12-05,,,30.890564403597,
2016-12-06,,,31.000758327483556,
2016-12-07,,,31.14566684723343,
2016-12-08,,,31.28114727522945,
2016-12-09,,,31.438825240060893,
2016-12-12,,,31.965080250105142,
2016-12-13,,,31.967351349376067,
2016-12-14,,,31.990068659649275,
2016-12-15,,,31.99001338085424,
2016-12-16,,,32.00002148146432,
2016-12-19,,,32.02654112319602,
2016-12-20,,,31.84984610089363,
2016-12-21,,,31.691136805348066,
2016-12-22,,,31.5096404284072,
2016-12-23,,,31.3407175402448,
2016-12-27,,,30.550595527859983,
2016-12-28,,,30.262907772228715,
2016-12-29,,,29.96916730541768,
2016-12-30,,,29.70653658660001,
2017-01-03,,,28.753105658080585,
2017-01-04,,,28.481211430250823,
2017-01-05,,,28.226207004019795,
2017-01-06,,,28.02478652591246,
2017-01-09,,,27.707705031990383,
2017-01-10,,,27.519833731966607,
2017-01-11,,,27.40302494338744,
2017-01-12,,,27.31619747199991,
2017-01-13,,,27.29363161033652,
2017-01-17,,,27.55825269118061,
2017-01-18,,,27.63371931487242,
2017-01-19,,,27.733691097042517,
2017-01-20,,,27.88986406791747,
2017-01-23,,,28.611517091780485,
2017-01-24,,,28.742547162035084,
2017-01-25,,,28.92350513425757,
2017-01-26,,,29.10928444489142,
2017-01-27,,,29.330518861867446,
2017-01-30,,,30.116648216486944,
2017-01-31,,,30.225008536766943,
2017-02-01,,,30.3616536556562,
2017-02-02,,,30.482164708722863,
2017-02-03,,,30.618129779311104,
2017-02-06,,,31.041631379673092,
2017-02-07,,,30.998977372245285,
2017-02-08,,,30.972728464510844,
2017-02-09,,,30.92059944971117,
2017-02-10,,,30.8764207119039,
2017-02-13,,,30.737921261145864,
2017-02-14,,,30.508700772318814,
2017-02-15,,,30.30021505917028,
2017-02-16,,,30.07246653405028,
2017-02-17,,,29.861480626976704,
2017-02-21,,,28.953856171794417,
2017-02-22,,,28.65051723236826,
2017-02-23,,,28.346560632108652,
2017-02-24,,,28.07890024086381,
2017-02-27,,,27.465036753931216,
2017-02-28,,,27.14856149665743,
2017-03-01,,,26.89034128823379,
2017-03-02,,,26.65079616547532,
2017-03-03,,,26.465867858253045,
2017-03-06,,,26.19683015893069,
2017-03-07,,,26.02201662781268,
2017-03-08,,,25.915625959446647,
2017-03-09,,,25.83595282619917,
2017-03-10,,,25.81671725821786,
2017-03-13,,,26.056745062441863,
2017-03-14,,,26.047981965207622,
2017-03-15,,,26.10213923668778,
2017-03-16,,,26.175456602007383,
2017-03-17,,,26.299750024886144,
2017-03-20,,,26.897445389025965,
2017-03-21,,,26.97935559642671,
2017-03-22,,,27.10843003428251,
2017-03-23,,,27.24043197267924,
2017-03-24,,,27.406985350820843,
2017-03-27,,,28.035210840108327,
2017-03-28,,,28.09731957426057,
2017-03-29,,,28.193267562899784,
2017-03-30,,,28.275022684196,
2017-03-31,,,28.380810793396854,
2017-04-03,,,28.78039188652127,
2017-04-04,,,28.756787694449297,
2017-04-05,,,28.76529716747099,
2017-04-06,,,28.764763052987544,
2017-04-07,,,28.78997521090031,
2017-04-10,,,28.97290184578797,
2017-04-11,,,28.88951785954257,
2017-04-12,,,28.846005770067844,
2017-04-13,,,28.801799762688606,
2017-04-17,,,28.922503444058883,
2017-04-18,,,28.838074427314236,
2017-04-19,,,28.80074458942308,
2017-04-20,,,28.76910819051651,
2017-04-21,,,28.777351391649034,
2017-04-24,,,28.983512888246352,
2017-04-25,,,28.927793485923186,
2017-04-26,,,28.91906165877896,
2017-04-27,,,28.914890825226987,
2017-04-28,,,28.94854562605529,
2017-05-01,,,29.211380728835003,
2017-05-02,,,29.166400875809888,
2017-05-03,,,29.16394580311443,
2017-05-04,,,29.16162212162896,
2017-05-05,,,29.192900108693987,
2017-05-08,,,29.42765977981156,
2017-05-09,,,29.368463769262267,
2017-05-10,,,29.35067558294076,
2017-05-11,,,29.33278360336569,
2017-05-12,,,29.34916276679312,
2017-05-15,,,29.552015084600733,
2017-05-16,,,29.48908230042717,
2017-05-17,,,29.47209212914357,
2017-05-18,,,29.459999903922863,
2017-05-19,,,29.48750226256029,
2017-05-22,,,29.756529418437296,
2017-05-23,,,29.726083462732205,
2017-05-24,,,29.746162299018017,
2017-05-25,,,29.77513954782407,
2017-05-26,,,29.847020021614394,
2017-05-30,,,30.279859395065717,
2017-05-31,,,30.348361113851094,
2017-06-01,,,30.424037246031038,
2017-06-02,,,30.540169804562,
2017-06-05,,,31.066647505423468,
2017-06-06,,,31.11516424482091,
2017-06-07,,,31.20915046194149,
2017-06-08,,,31.3063106482682,
2017-06-09,,,31.44022186087448,
2017-06-12,,,32.002948587049865,
2017-06-13,,,32.06017538068288,
2017-06-14,,,32.162567004879165,
2017-06-15,,,32.26872903411038,
2017-06-16,,,32.413142486394975,
2017-06-19,,,33.02474562190515,
2017-06-20,,,33.10638603108153,
2017-06-21,,,33.23808127068741,
2017-06-22,,,33.37867694240002,
2017-06-23,,,33.5626936064791,
2017-06-26,,,34.321277008884444,
2017-06-27,,,34.45925349678805,
2017-06-28,,,34.64940593930701,
2017-06-29,,,34.849366881351834,
2017-06-30,,,35.09228940049171,
2017-07-03,,,36.00955653125032,
2017-07-05,,,36.41243378392243,
2017-07-06,,,36.63580830390849,
2017-07-07,,,36.89101390216315,
2017-07-10,,,37.76804486012436,
2017-07-11,,,37.906286971717016,
2017-07-12,,,38.07410993075217,
2017-07-13,,,38.22795717767613,
2017-07-14,,,38.40027439777909,
2017-07-17,,,38.95974818859825,
2017-07-18,,,38.974495498936406,
2017-07-19,,,39.013348296995616,
2017-07-20,,,39.03508785051128,
2017-07-21,,,39.07465078980268,
2017-07-24,,,39.25799218993269,
2017-07-25,,,39.16334583674697,
2017-07-26,,,39.104847444533945,
2017-07-27,,,39.04342588258887,
2017-07-28,,,39.01589465344902,
2017-07-31,,,39.10801039034776,
2017-08-01,,,39.02220597284725,
2017-08-02,,,38.992363797128135,
2017-08-03,,,38.97883802535654,
2017-08-04,,,39.01740734547206,
2017-08-07,,,39.40016920361953,
2017-08-08,,,39.4344433094658,
2017-08-09,,,39.53166384009785,
2017-08-10,,,39.64904200072783,
2017-08-11,,,39.819055984551824,
2017-08-14,,,40.56557469365533,
2017-08-15,,,40.69989688329741,
2017-08-16,,,40.88145405712492,
2017-08-17,,,41.06478158845793,
2017-08-18,,,41.28003367386786,
2017-08-21,,,42.02115577994621,
2017-08-22,,,42.10344392464602,
2017-08-23,,,42.20754995534504,
2017-08-24,,,42.28863145564249,
2017-08-25,,,42.37799162931262,
2017-08-28,,,42.61842066336308,
2017-08-29,,,42.50126620962149,
2017-08-30,,,42.39478876045733,
2017-08-31,,,42.25763079041389,
2017-09-01,,,42.1247495051509,
2017-09-05,,,41.39363667060155,
2017-09-06,,,41.10013265683503,
2017-09-07,,,40.793036286769954,
2017-09-08,,,40.509990125347485,
2017-09-11,,,39.7858271230791,
2017-09-12,,,39.41474194026198,
2017-09-13,,,39.09484606941268,
2017-09-14,,,38.78765538200839,
2017-09-15,,,38.53015461598599,
2017-09-18,,,38.023008787315966,
2017-09-19,,,37.76455669083259,
2017-09-20,,,37.57336191169206,
2017-09-21,,,37.4081200886506,
2017-09-22,,,37.30283867330216,
2017-09-25,,,37.28328436596829,
2017-09-26,,,37.18761169164457,
2017-09-27,,,37.15459709634064,
2017-09-28,,,37.14040759467904,
2017-09-29,,,37.176794715395005,
2017-10-02,,,37.508232980255634,
2017-10-03,,,37.50076896552567,
2017-10-04,,,37.54044348881615,
2017-10-05,,,37.58330722093364,
2017-10-06,,,37.66135004085884,
2017-10-09,,,38.032527981674896,
2017-10-10,,,38.01363559573065,
2017-10-11,,,38.03194021770315,
2017-10-12,,,38.04515048791894,
2017-10-13,,,38.08699332972788,
2017-10-16,,,38.32784296415267,
2017-10-17,,,38.26386179995596,
2017-10-18,,,38.23878706789999,
2017-10-19,,,38.21161765841975,
2017-10-20,,,38.21718254387351,
2017-10-23,,,38.3817063464866,
2017-10-24,,,38.30467470816078,
2017-10-25,,,38.2729972543786,
2017-10-26,,,38.2455335118615,
2017-10-27,,,38.25680592414286,
2017-10-30,,,38.46943162156525,
2017-10-31,,,38.416631892742586,
2017-11-01,,,38.41210338180499,
2017-11-02,,,38.41399025579726,
2017-11-03,,,38.456135758556805,
2017-11-06,,,38.76477067330995,
2017-11-07,,,38.7436688248404,
2017-11-08,,,38.77025134592271,
2017-11-09,,,38.802583552975264,
2017-11-10,,,38.87454890943424,
2017-11-13,,,39.27087042026217,
2017-11-14,,,39.27948116618653,
2017-11-15,,,39.33669002524339,
2017-11-16,,,39.400994757411226,
2017-11-17,,,39.50669345316153,
2017-11-20,,,40.018092212303785,
2017-11-21,,,40.07033695660559,
2017-11-22,,,40.17383727298123,
2017-11-24,,,40.44340426450128,
2017-11-27,,,41.113550340966135,
2017-11-28,,,41.21793300315403,
2017-11-29,,,41.37138466559331,
2017-11-30,,,41.53093924642688,
2017-12-01,,,41.72918494316851,
2017-12-04,,,42.48181264079776,
2017-12-05,,,42.59484032912928,
2017-12-06,,,42.74535654033495,
2017-12-07,,,42.88927140216291,
2017-12-08,,,43.05821268135232,
2017-12-11,,,43.63444660794502,
2017-12-12,,,43.65823955871892,
2017-12-13,,,43.704510103322406,
2017-12-14,,,43.72972562378454,
2017-12-15,,,43.766364865124366,
2017-12-18,,,43.87684144633617,
2017-12-19,,,43.7279943719069,
2017-12-20,,,43.59628274925419,
2017-12-21,,,43.440461511296895,
2017-12-22,,,43.29542890634524,
2017-12-26,,,42.57459527672375,
2017-12-27,,,42.29587029697485,
2017-12-28,,,42.007196503449,
2017-12-29,,,41.74555762351566,
2018-01-02,,,40.75398207410365,
2018-01-03,,,40.46225070241497,
2018-01-04,,,40.18360283367603,
2018-01-05,,,39.95499459295614,
2018-01-08,,,39.53847485760548,
2018-01-09,,,39.31284566265369,
2018-01-10,,,39.15673096452034,
2018-01-11,,,39.02953970880267,
2018-01-12,,,38.96605514719415,
2018-01-16,,,39.071524644287614,
2018-01-17,,,39.11075065420732,
2018-01-18,,,39.17678772273918,
2018-01-19,,,39.30171820629768,
2018-01-22,,,39.94901940433365,
2018-01-23,,,40.06255865026865,
2018-01-24,,,40.22996059218229,
2018-01-25,,,40.406210806387,
2018-01-26,,,40.62198053037464,
2018-01-29,,,41.41567044664468,
2018-01-30,,,41.53413386353584,
2018-01-31,,,41.68435175173831,
2018-02-01,,,41.821646142421415,
2018-02-02,,,41.97730715524711,
2018-02-05,,,42.47390027243507,
2018-02-06,,,42.458989452385815,
2018-02-07,,,42.46148095326605,
2018-02-08,,,42.43865606827017,
2018-02-09,,,42.4239070721392,
2018-02-12,,,42.37011173682403,
2018-02-13,,,42.16653531197346,
2018-02-14,,,41.98174356872392,
2018-02-15,,,41.77538198240746,
2018-02-16,,,41.58314928449702,
2018-02-20,,,40.718942917332505,
2018-02-21,,,40.41761056967432,
2018-02-22,,,40.11190214343855,
2018-02-23,,,39.8387070447606,
2018-02-26,,,39.18604682444551,
2018-02-27,,,38.84965580132625,
2018-02-28,,,38.56835272967677,
2018-03-01,,,38.302817929655085,
2018-03-02,,,38.0892923801683,
2018-03-05,,,37.72230163639414,
2018-03-06,,,37.51207227038088,
2018-03-07,,,37.36957126014315,
2018-03-08,,,37.25351881436296,
2018-03-09,,,37.19805973189728,
2018-03-12,,,37.334446121736775,
2018-03-13,,,37.29407980293585,
2018-03-14,,,37.3186692300741,
2018-03-15,,,37.35128590393635,
2018-03-16,,,37.43743935756774,
2018-03-19,,,37.93777625765257,
2018-03-20,,,37.99323134139929,
2018-03-21,,,38.098873457216094,
2018-03-22,,,38.21040204191397,
2018-03-23,,,38.35932736425911,
2018-03-26,,,38.94992497692143,
2018-03-27,,,39.00377625312978,
2018-03-28,,,39.093130835949886,
2018-03-29,,,39.17474815437237,
2018-04-02,,,39.68627683734345,
2018-04-03,,,39.66423509508181,
2018-04-04,,,39.67370266498457,
2018-04-05,,,39.67325757036783,
2018-04-06,,,39.69745754164762,
2018-04-09,,,39.86898933889522,
2018-04-10,,,39.77864535004562,
2018-04-11,,,39.72651269533672,
2018-04-12,,,39.67204205589334,
2018-04-13,,,39.65043990693107,
2018-04-16,,,39.7369263181056,
2018-04-17,,,39.63555591965016,
2018-04-18,,,39.58045739449205,
2018-04-19,,,39.53043546003102,
2018-04-20,,,39.51989208429324,
2018-04-23,,,39.66939399302926,
2018-04-24,,,39.59533147784799,
2018-04-25,,,39.56880195157548,
2018-04-26,,,39.54750491948978,
2018-04-27,,,39.564800942327,
2018-04-30,,,39.78363232466575,
2018-05-01,,,39.72566421415844,
2018-05-02,,,39.71097436594299,
2018-05-03,,,39.69707356073162,
2018-05-04,,,39.71731146010294,
2018-05-07,,,39.92068822120695,
2018-05-08,,,39.85105811075911,
2018-05-09,,,39.82256364377661,
2018-05-10,,,39.7935278403962,
2018-05-11,,,39.79817181398583,
2018-05-14,,,39.96100435369163,
2018-05-15,,,39.88282286938318,
2018-05-16,,,39.84954658323506,
2018-05-17,,,39.8201259344595,
2018-05-18,,,39.8292831869268,
2018-05-21,,,40.03786362235551,
2018-05-22,,,39.98582166363749,
2018-05-23,,,39.98381055599715,
2018-05-24,,,39.99036315258845,
2018-05-25,,,40.03965068369059,
2018-05-29,,,40.3837069418859,
2018-05-30,,,40.43113818589627,
2018-05-31,,,40.48642179265954,
2018-06-01,,,40.58291052957608,
2018-06-04,,,41.05520715302188,
2018-06-05,,,41.08717697351047,
2018-06-06,,,41.165261682777775,
2018-06-07,,,41.24705719055529,
2018-06-08,,,41.36600862937056,
2018-06-11,,,41.88471417912109,
2018-06-12,,,41.92698441653609,
2018-06-13,,,42.013992632937786,
2018-06-14,,,42.10418608288831,
2018-06-15,,,42.23190504402112,
2018-06-18,,,42.78804727558043,
2018-06-19,,,42.849230485660826,
2018-06-20,,,42.95948908428813,
2018-06-21,,,43.0777336916321,
2018-06-22,,,43.23859197682037,
2018-06-25,,,43.92452885443621,
2018-06-26,,,44.037968626715504,
2018-06-27,,,44.20386419828407,
2018-06-28,,,44.38014278830545,
2018-06-29,,,44.600262007064885,
2018-07-02,,,45.45740935030904,
2018-07-03,,,45.62057973575327,
2018-07-05,,,46.04156488685095,
2018-07-06,,,46.28767842297928,
2018-07-09,,,47.15335722150107,
2018-07-10,,,47.292988740982125,
2018-07-11,,,47.45222639818145,
2018-07-12,,,47.59961838677636,
2018-07-13,,,47.76732084829863,
2018-07-16,,,48.3203240897037,
2018-07-17,,,48.33394354741559,
2018-07-18,,,48.37139771810336,
2018-07-19,,,48.39097634502387,
2018-07-20,,,48.427127038109376,
2018-07-23,,,48.58812167689615,
2018-07-24,,,48.48063333572348,
2018-07-25,,,48.40604508684567,
2018-07-26,,,48.32505122684726,
2018-07-27,,,48.274305816345205,
2018-07-30,,,48.27456687324383,
2018-07-31,,,48.1510488254806,
2018-08-01,,,48.0803134802114,
2018-08-02,,,48.02305802869799,
2018-08-03,,,48.01547770588708,
2018-08-06,,,48.25035561771912,
2018-08-07,,,48.23411562549812,
2018-08-08,,,48.28124668906608,
2018-08-09,,,48.34959485961007,
2018-08-10,,,48.47226264235694,
2018-08-13,,,49.0926324544978,
2018-08-14,,,49.19188474159771,
2018-08-15,,,49.342538403716695,
2018-08-16,,,49.49941432972088,
2018-08-17,,,49.69286094479715,
2018-08-20,,,50.39692221061775,
2018-08-21,,,50.4759696503147,
2018-08-22,,,50.58097793653436,
2018-08-23,,,50.66671954508874,
2018-08-24,,,50.764031430966384,
2018-08-27,,,51.0424028243129,
2018-08-28,,,50.94045679190529,
2018-08-29,,,50.84932524541995,
2018-08-30,,,50.72695016122242,
2018-08-31,,,50.60759930634556,
2018-09-04,,,49.90547762582571,
2018-09-05,,,49.610262155735015,
2018-09-06,,,49.29705028736176,
2018-09-07,,,49.00322261663853,
2018-09-10,,,48.217507583514085,
2018-09-11,,,47.81623963059886,
2018-09-12,,,47.46159301370214,
2018-09-13,,,47.11536993016411,
2018-09-14,,,46.81491615833937,
2018-09-17,,,46.15991134735109,
2018-09-18,,,45.847572352778336,
2018-09-19,,,45.60112595220387,
2018-09-20,,,45.37984373530181,
2018-09-21,,,45.21830103288555,
2018-09-24,,,45.0339467986319,
2018-09-25,,,44.88624158956361,
2018-09-26,,,44.803301735630114,
2018-09-27,,,44.7415962481133,
2018-09-28,,,44.73311070908234,
2018-10-01,,,44.94707614783173,
2018-10-02,,,44.90625045479195,
2018-10-03,,,44.91533779034175,
2018-10-04,,,44.93022647767416,
2018-10-05,,,44.98269430799927,
2018-10-08,,,45.288850096510494,
2018-10-09,,,45.25115496775798,
2018-10-10,,,45.25154444467579,
2018-10-11,,,45.24739734390708,
2018-10-12,,,45.27212200704975,
2018-10-15,,,45.46018818506347,
2018-10-16,,,45.377330522092485,
2018-10-17,,,45.33242540156706,
2018-10-18,,,45.28434373852056,
2018-10-19,,,45.26782779941143,
2018-10-22,,,45.3588273756798,
2018-10-23,,,45.254951265640905,
2018-10-24,,,45.19538358065898,
2018-10-25,,,45.1390933042244,
2018-10-26,,,45.12072853678163,
2018-10-29,,,45.240953749808455,
2018-10-30,,,45.15664795286331,
2018-10-31,,,45.120469555840586,
2018-11-01,,,45.09066684606245,
2018-11-02,,,45.10116782630125,
2018-11-05,,,45.31565179535791,
2018-11-06,,,45.26348034787986,
2018-11-07,,,45.259119890427314,
2018-11-08,,,45.26058707974521,
2018-11-09,,,45.30170059396673,
2018-11-12,,,45.6047427399775,
2018-11-13,,,45.58173316939624,
2018-11-14,,,45.60692393295534,
2018-11-15,,,45.63874838862359,
2018-11-16,,,45.71145784152138,
2018-11-19,,,46.120717992841655,
2018-11-20,,,46.13795987564089,
2018-11-21,,,46.2061060246546,
2018-11-23,,,46.40443755229332,
2018-11-26,,,46.9691515593627,
2018-11-27,,,47.03966755229178,
2018-11-28,,,47.16031431608858,
2018-11-29,,,47.28839103820125,
2018-11-30,,,47.456749635877976,
2018-12-03,,,48.1317274208559,
2018-12-04,,,48.22359213810043,
2018-12-06,,,48.483735013153954,
2018-12-07,,,48.63972696275224,
2018-12-10,,,49.193907602539,
2018-12-11,,,49.215640514913886,
2018-12-12,,,49.26220672672709,
2018-12-13,,,49.28982040559671,
2018-12-14,,,49.33065809246477,
2018-12-17,,,49.460873129396695,
2018-12-18,,,49.3195969132962,
2018-12-19,,,49.19519684062466,
2018-12-20,,,49.04595546895832,
2018-12-21,,,48.90629767103536,
2018-12-24,,,48.49754537679854,
2018-12-26,,,47.899989888382464,
2018-12-27,,,47.60054316411101,
2018-12-28,,,47.32428925059812,
2018-12-31,,,46.60765394247396,
2019-01-02,,,45.905685243313954,
2019-01-03,,,45.58751117256512,
2019-01-04,,,45.31551385745279,
2019-01-07,,,44.74839698302164,
2019-01-08,,,44.46692722296085,
2019-01-09,,,44.25284112742449,
2019-01-10,,,44.06601084235865,
2019-01-11,,,43.941705333997305,
2019-01-14,,,43.89357842038263,
2019-01-15,,,43.80213921592407,
2019-01-16,,,43.7821652252482,
2019-01-17,,,43.79077507905144,
2019-01-18,,,43.86048180796296,
2019-01-22,,,44.42975438326484,
2019-01-23,,,44.55802774093236,
2019-01-24,,,44.69905260834683,
2019-01-25,,,44.883606010192494,
2019-01-28,,,45.60794118889096,
2019-01-29,,,45.71119677433612,
2019-01-30,,,45.84993993538018,
2019-01-31,,,45.979287517390325,
2019-02-01,,,46.13028086568577,
2019-02-04,,,46.62948534181487,
2019-02-05,,,46.61980234630309,
2019-02-06,,,46.62904619604182,
2019-02-07,,,46.61407791241367,
2019-02-08,,,46.60785825403528,
2019-02-11,,,46.57931500421185,
2019-02-12,,,46.3826045558686,
2019-02-13,,,46.20321065483398,
2019-02-14,,,46.000390265958366,
2019-02-15,,,45.80947830073575,
2019-02-19,,,44.92217964978796,
2019-02-20,,,44.6067673761748,
2019-02-21,,,44.28332065714383,
2019-02-22,,,43.9886427325618,
2019-02-25,,,43.248947592316966,
2019-02-26,,,42.87622575406372,
2019-02-27,,,42.55515959808258,
2019-02-28,,,42.246636067967806,
2019-03-01,,,41.98714609934572,
2019-03-04,,,41.49568084729412,
2019-03-05,,,41.24021750478249,
2019-03-06,,,41.05126521368214,
2019-03-07,,,40.88796126528364,
2019-03-08,,,40.78487513331047,
2019-03-11,,,40.78034704373317,
2019-03-12,,,40.69501533160589,
2019-03-13,,,40.67626664474259,
2019-03-14,,,40.68095568645666,
2019-03-15,,,40.74143376128912,
2019-03-18,,,41.18055006270326,
2019-03-19,,,41.22139033797925,
2019-03-20,,,41.31544723161762,
2019-03-21,,,41.41842131247096,
2019-03-22,,,41.56177182448527,
2019-03-25,,,42.15227381875405,
2019-03-26,,,42.21099676901903,
2019-03-27,,,42.307259450831495,
2019-03-28,,,42.39752631076916,
2019-03-29,,,42.51426020696491,
2019-04-01,,,42.954557798435104,
2019-04-02,,,42.94493726700744,
2019-04-03,,,42.96659069112225,
2019-04-04,,,42.97779779846368,
2019-04-05,,,43.01284420308068,
2019-04-08,,,43.20985623422743,
2019-04-09,,,43.1251032317271,
2019-04-10,,,43.076940365409065,
2019-04-11,,,43.02478142098089,
2019-04-12,,,43.00383887960552,
2019-04-15,,,43.08305126097509,
2019-04-16,,,42.976568196389806,
2019-04-17,,,42.91528379766998,
2019-04-18,,,42.8581976513837,
2019-04-22,,,42.96434454723172,
2019-04-23,,,42.881992351276736,
2019-04-24,,,42.84752334224108,
2019-04-25,,,42.818796350234216,
2019-04-26,,,42.82930511435272,
2019-04-29,,,43.03250710020978,
2019-04-30,,,42.971034569372016,
2019-05-01,,,42.95367340280882,
2019-05-02,,,42.93787441414048,
2019-05-03,,,42.95689821429459,
2019-05-06,,,43.15948565745528,
2019-05-07,,,43.09003719927599,
2019-05-08,,,43.061667019277216,
2019-05-09,,,43.03252585001067,
2019-05-10,,,43.036667375125205,
2019-05-13,,,43.19411905953377,
2019-05-14,,,43.112449512651615,
2019-05-15,,,43.07469656320266,
2019-05-16,,,43.03976784029649,
2019-05-17,,,43.04237305868439,
2019-05-20,,,43.225362142484464,
2019-05-21,,,43.16306316693038,
2019-05-22,,,43.150120105963246,
2019-05-23,,,43.14520874455358,
2019-05-24,,,43.18265691738023,
2019-05-28,,,43.47891720210388,
2019-05-29,,,43.51508765551984,
2019-05-30,,,43.55966260110728,
2019-05-31,,,43.64609862307926,
2019-06-03,,,44.09280413778366,
2019-06-04,,,44.11782585091652,
2019-06-05,,,44.18970544044765,
2019-06-06,,,44.2659643004,
2019-06-07,,,44.37994540914429,
2019-06-10,,,44.88577767632898,
2019-06-11,,,44.92390282963865,
2019-06-12,,,45.00655203718165,
2019-06-13,,,45.092001214134775,
2019-06-14,,,45.21442890620328,
2019-06-17,,,45.75007439289455,
2019-06-18,,,45.80256965230269,
2019-06-19,,,45.90313818076413,
2019-06-20,,,46.01070358965253,
2019-06-21,,,46.15994804256257,
2019-06-24,,,46.80660727924555,
2019-06-25,,,46.90606450308702,
2019-06-26,,,47.11550566565317,
2019-06-27,,,47.33553848367112,
2019-06-28,,,47.59991154311109,
2019-07-01,,,48.59585601655895,
2019-07-02,,,48.80830012330106,
2019-07-03,,,49.06880786366597,
2019-07-05,,,49.63589406059165,
2019-07-08,,,50.68460640442969,
2019-07-09,,,50.89055647515731,
2019-07-10,,,51.13100793901256,
2019-07-11,,,51.36202201050124,
2019-07-12,,,51.615539888022205,
2019-07-15,,,52.43612576101138,
2019-07-16,,,52.54105796410762,
2019-07-17,,,52.670154282953,
2019-07-18,,,52.78122617638189,
2019-07-19,,,52.908230946403584,
2019-07-22,,,53.33311432852037,
2019-07-23,,,53.30918984721847,
2019-07-24,,,53.31530508439295,
2019-07-25,,,53.31183639013455,
2019-07-26,,,53.33518556388972,
2019-07-29,,,53.53576079506688,
2019-07-30,,,53.47164214661593,
2019-07-31,,,53.45681068838275,
2019-08-01,,,53.45220609735839,
2019-08-02,,,53.494347195596376,
2019-08-05,,,53.865129643057216,
2019-08-06,,,53.89150853466059,
2019-08-07,,,53.98089667544346,
2019-08-08,,,54.09176788922544,
2019-08-09,,,54.25785990369535,
2019-08-12,,,55.02007185428321,
2019-08-13,,,55.1723531978754,
2019-08-14,,,55.37972828398832,
2019-08-15,,,55.59740719083647,
2019-08-16,,,55.85604562244041,
2019-08-19,,,56.78371098187631,
2019-08-20,,,56.94671208819523,
2019-08-21,,,57.14017233091133,
2019-08-22,,,57.318591477665855,
2019-08-23,,,57.51244298290871,
2019-08-26,,,58.09877892456045,
2019-08-27,,,58.103669970408895,
2019-08-28,,,58.120381424259385,
2019-08-29,,,58.106161928084205,
2019-08-30,,,58.094578311970366,
2019-09-03,,,57.80618485494159,
2019-09-04,,,57.60703802454223,
2019-09-05,,,57.38594251529842,
2019-09-06,,,57.179906756916765,
2019-09-09,,,56.62923821381678,
2019-09-10,,,56.2965518642685,
2019-09-11,,,56.00567795341475,
2019-09-12,,,55.71860065905375,
2019-09-13,,,55.47293210253948,
2019-09-16,,,54.959879711153135,
2019-09-17,,,54.68893971650989,
2019-09-18,,,54.4818156150955,
2019-09-19,,,54.29834720081048,
2019-09-20,,,54.17368581011759,
2019-09-23,,,54.099993506754885,
2019-09-24,,,53.9909213812505,
2019-09-25,,,53.94825523714269,
2019-09-26,,,53.92884506076102,
2019-09-27,,,53.96499484659592,
2019-09-30,,,54.32906939237634,
2019-10-01,,,54.34405073633366,
2019-10-02,,,54.41184218446831,
2019-10-03,,,54.48824145742411,
2019-10-04,,,54.604877553814525,
2019-10-07,,,55.11726941157537,
2019-10-08,,,55.15197292002069,
2019-10-09,,,55.226063966404766,
2019-10-10,,,55.29658928160189,
2019-10-11,,,55.39662585140298,
2019-10-14,,,55.81133537341739,
2019-10-15,,,55.80333007712951,
2019-10-16,,,55.832540414323816,
2019-10-17,,,55.85765872066588,
2019-10-18,,,55.91328901179049,
2019-10-21,,,56.378379059272376,
2019-10-22,,,56.396777799243246,
2019-10-23,,,56.45833383835178,
2019-10-24,,,56.52209737134979,
2019-10-25,,,56.6228209990015,
2019-10-28,,,57.0957933045262,
2019-10-29,,,57.12802366218451,
2019-10-30,,,57.20808547853544,
2019-10-31,,,57.29435048458035,
2019-11-01,,,57.42085514610774,
2019-11-04,,,57.98375642469256,
2019-11-05,,,58.048010520640176,
2019-11-06,,,58.16023550762716,
2019-11-07,,,58.278424009448976,
2019-11-08,,,58.43635061354786,
2019-11-11,,,59.0897099990508,
2019-11-12,,,59.18315986307212,
2019-11-13,,,59.32451017441514,
2019-11-14,,,59.47211469293495,
2019-11-15,,,59.66015666290596,
2019-11-18,,,60.41232136111753,
2019-11-19,,,60.54281726868477,
2019-11-20,,,60.72375611124281,
2019-11-21,,,60.91363630064114,
2019-11-22,,,61.146657088306014,
2019-11-25,,,62.04788381616113,
2019-11-26,,,62.23126260766881,
2019-11-27,,,62.46551034250941,
2019-11-29,,,62.992400214636426,
2019-12-02,,,64.02512094249053,
2019-12-03,,,64.24043015106446,
2019-12-04,,,64.4983164944285,
2019-12-05,,,64.75496259049638,
2019-12-06,,,65.042182880113,
2019-12-09,,,66.00694670584562,
2019-12-10,,,66.17109064909816,
2019-12-11,,,66.36266648933551,
2019-12-12,,,66.53770075203278,
2019-12-13,,,66.72812955481466,
2019-12-16,,,67.31701385546562,
2019-12-17,,,67.33067591513368,
2019-12-18,,,67.36153075835531,
2019-12-19,,,67.36740191547077,
2019-12-20,,,67.38224349079832,
2019-12-23,,,67.42860747319291,
2019-12-24,,,67.26436545917578,
2019-12-26,,,66.96493877305556,
2019-12-27,,,66.82652743308245,
2019-12-30,,,66.49993917249874,
2019-12-31,,,66.24687447584363,
2020-01-02,,,65.8321997579355,
2020-01-03,,,65.66936594046616,
2020-01-06,,,65.40723477001427,
2020-01-07,,,65.22088504463477,
2020-01-08,,,65.0992522064392,
2020-01-09,,,65.00263295063137,
2020-01-10,,,64.96675263056116,
2020-01-13,,,65.17807007923962,
2020-01-14,,,65.1728488790566,
2020-01-15,,,65.2398002713304,
2020-01-16,,,65.33652985625986,
2020-01-17,,,65.49601665729033,
2020-01-21,,,66.44925043288372,
2020-01-22,,,66.68143941035193,
2020-01-23,,,66.93007487856269,
2020-01-24,,,67.2261071736813,
2020-01-27,,,68.30900984439944,
2020-01-28,,,68.53986645507688,
2020-01-29,,,68.81013397306711,
2020-01-30,,,69.0747831063461,
2020-01-31,,,69.3646614437109,
2020-02-03,,,70.29943929927572,
2020-02-04,,,70.44020515886783,
2020-02-05,,,70.60192394918333,
2020-02-06,,,70.74105782569463,
2020-02-07,,,70.89015090814159,
2020-02-10,,,71.33048633367973,
2020-02-11,,,71.2895928472821,
2020-02-12,,,71.26506090244538,
2020-02-13,,,71.21573477136829,
2020-02-14,,,71.20375622832785,
2020-02-18,,,71.00761255988613,
2020-02-19,,,70.85739223846988,
2020-02-20,,,70.69565398101652,
2020-02-21,,,70.55905524496042,
2020-02-24,,,70.27108484159056,
2020-02-25,,,70.04143563070781,
2020-02-26,,,69.85981657652317,
2020-02-27,,,69.68726332870335,
2020-02-28,,,69.56046215991874,
2020-03-02,,,69.42176936304251,
2020-03-03,,,69.27925144422818,
2020-03-04,,,69.20152640807466,
2020-03-05,,,69.14813008908625,
2020-03-06,,,69.15404612554819,
2020-03-09,,,69.4753319880506,
2020-03-10,,,69.49960678596834,
2020-03-11,,,69.59163465392128,
2020-03-12,,,69.70863965583389,
2020-03-13,,,69.88331242462036,
2020-03-16,,,70.67911568935999,
2020-03-17,,,70.84427725678047,
2020-03-18,,,71.06560928938947,
2020-03-19,,,71.29887955751938,
2020-03-20,,,71.57556162704795,
2020-03-23,,,72.58363714404582,
2020-03-24,,,72.78695587476352,
2020-03-25,,,73.03017917028215,
2020-03-26,,,73.26951265844244,
2020-03-27,,,73.53713066191338,
2020-03-30,,,74.4377918204207,
2020-03-31,,,74.58307795322423,
2020-04-01,,,74.75980327972594,
2020-04-02,,,74.92592491579633,
2020-04-03,,,75.11542453718964,
2020-04-06,,,75.77039203848416,
2020-04-07,,,75.83577918335384,
2020-04-08,,,75.93624270017528,
2020-04-09,,,76.03110497530605,
2020-04-13,,,76.66109023206437,
2020-04-14,,,76.6937209886225,
2020-04-15,,,76.77026150838614,
2020-04-16,,,76.849881148509,
2020-04-17,,,76.96738059268625,
2020-04-20,,,77.49565604276413,
2020-04-21,,,77.54747447285983,
2020-04-22,,,77.64729677941207,
2020-04-23,,,77.75316785558014,
2020-04-24,,,77.89874668157589,
2020-04-27,,,78.51124514960111,
2020-04-28,,,78.58783173974363,
2020-04-29,,,78.70939313943948,
2020-04-30,,,78.83335995400196,
2020-05-01,,,78.99294052334241,
2020-05-04,,,79.62099410696155,
2020-05-05,,,79.6941993420517,
2020-05-06,,,79.8086391699103,
2020-05-07,,,79.92229382179977,
2020-05-08,,,80.06904434767878,
2020-05-11,,,80.65156026798138,
2020-05-12,,,80.71017526021471,
2020-05-13,,,80.81181224633508,
2020-05-14,,,80.91530015759061,
2020-05-15,,,81.05529849927768,
2020-05-18,,,81.64427664831358,
2020-05-19,,,81.7153779232474,
2020-05-20,,,81.83500782873168,
2020-05-21,,,81.96196146255113,
2020-05-22,,,82.1307054189502,
2020-05-26,,,82.94964500673674,
2020-05-27,,,83.11668530619447,
2020-05-28,,,83.292521346566,
2020-05-29,,,83.51074096982245,
2020-06-01,,,84.35690112380283,
2020-06-02,,,84.51662798089488,
2020-06-03,,,84.72400652197533,
2020-06-04,,,84.93652133533078,
2020-06-05,,,85.18744819800929,
2020-06-08,,,86.1071791692268,
2020-06-09,,,86.28382257415379,
2020-06-10,,,86.51008411234889,
2020-06-11,,,86.73897526715103,
2020-06-12,,,87.00450186134341,
2020-06-15,,,87.96581655375525,
2020-06-16,,,88.1585658750136,
2020-06-17,,,88.39842551998606,
2020-06-18,,,88.6442829704279,
2020-06-19,,,88.9308232501952,
2020-06-22,,,89.98404292115617,
2020-06-23,,,90.21766917763968,
2020-06-24,,,90.50332316129833,
2020-06-25,,,90.79944177834544,
2020-06-26,,,91.14003928175929,
2020-06-29,,,92.36841799230343,
2020-06-30,,,92.66060648968566,
2020-07-01,,,93.002486573903,
2020-07-02,,,93.35090610912609,
2020-07-06,,,95.05788119589116,
2020-07-07,,,95.3593827637495,
2020-07-08,,,95.6980455408843,
2020-07-09,,,96.02985905621053,
2020-07-10,,,96.3866286131168,
2020-07-13,,,97.52938788804924,
2020-07-14,,,97.7447983948518,
2020-07-15,,,97.98526678053337,
2020-07-16,,,98.2081565361662,
2020-07-17,,,98.44695142528784,
2020-07-20,,,99.2021499440024,
2020-07-21,,,99.28504644404312,
2020-07-22,,,99.39559805257996,
2020-07-23,,,99.4937940615862,
2020-07-24,,,99.61570328208184,
2020-07-27,,,100.09100079964304,
2020-07-28,,,100.11107632872698,
2020-07-29,,,100.1767600816839,
2020-07-30,,,100.24912773188431,
2020-07-31,,,100.36491963625528,
2020-08-03,,,100.94014101566049,
2020-08-04,,,101.03065382911431,
2020-08-05,,,101.18306112121748,
2020-08-06,,,101.35643555478802,
2020-08-07,,,101.58513855750128,
2020-08-10,,,102.54214607795042,
2020-08-11,,,102.76371144714172,
2020-08-12,,,103.04347596295165,
2020-08-13,,,103.33712765437024,
2020-08-14,,,103.67573046514876,
2020-08-17,,,104.8700783342093,
2020-08-18,,,105.13138757739118,
2020-08-19,,,105.42785943051231,
2020-08-20,,,105.71384178743318,
2020-08-21,,,106.019559021049,
2020-08-24,,,106.96347507702808,
2020-08-25,,,107.09322031196491,
2020-08-26,,,107.2366252809048,
2020-08-27,,,107.35027562086805,
2020-08-28,,,107.46704905923946,
2020-08-31,,,107.77600313694673,
2020-09-01,,,107.68308978013394,
2020-09-02,,,107.60452050490994,
2020-09-03,,,107.5006278690105,
2020-09-04,,,107.4079486541155,
2020-09-08,,,106.93301508905353,
2020-09-09,,,106.73215692431693,
2020-09-10,,,106.53025487681695,
2020-09-11,,,106.36508099085552,
2020-09-14,,,106.06827375349955,
2020-09-15,,,105.8623088362401,
2020-09-16,,,105.71740348895112,
2020-09-17,,,105.59393780999017,
2020-09-18,,,105.52762737165958,
2020-09-21,,,105.62480846617402,
2020-09-22,,,105.57315343094368,
2020-09-23,,,105.58899044485864,
2020-09-24,,,105.6296197271859,
2020-09-25,,,105.72774097972702,
2020-09-28,,,106.2923336238988,
2020-09-29,,,106.3796844858908,
2020-09-30,,,106.52276584070808,
2020-10-01,,,106.67736499084788,
2020-10-02,,,106.875035777091,
2020-10-05,,,107.5588172943651,
2020-10-06,,,107.65501251492373,
2020-10-07,,,107.79230066428754,
2020-10-08,,,107.9274081073777,
2020-10-09,,,108.09308094824875,
2020-10-12,,,108.7077443375682,
2020-10-13,,,108.76637899392624,
2020-10-14,,,108.8617688125014,
2020-10-15,,,108.95238040643082,
2020-10-16,,,109.07262942509116,
2020-10-19,,,109.56030776189108,
2020-10-20,,,109.5838383586438,
2020-10-21,,,109.6493141680664,
2020-10-22,,,109.71583029950476,
2020-10-23,,,109.81821391363032,
2020-10-26,,,110.29069205879094,
2020-10-27,,,110.3213654702886,
2020-10-28,,,110.3994057438743,
2020-10-29,,,110.48332055931188,
2020-10-30,,,110.6072729221854,
2020-11-02,,,111.16233863296488,
2020-11-03,,,111.2241663227696,
2020-11-04,,,111.33412337944296,
2020-11-05,,,111.4502064485748,
2020-11-06,,,111.60617147785597,
2020-11-09,,,112.25403037169436,
2020-11-10,,,112.34554105763183,
2020-11-11,,,112.4847601590746,
2020-11-12,,,112.6299546817574,
2020-11-13,,,112.81522618734604,
2020-11-16,,,113.55628334201928,
2020-11-17,,,113.68202765958196,
2020-11-18,,,113.85769293856268,
2020-11-19,,,114.0418222124456,
2020-11-20,,,114.26869075776828,
2020-11-23,,,115.15028964658217,
2020-11-24,,,115.32729864795374,
2020-11-25,,,115.5556112258578,
2020-11-27,,,116.07291244817031,
2020-11-30,,,117.10086762608476,
2020-12-01,,,117.31818952917224,
2020-12-02,,,117.58028583017489,
2020-12-03,,,117.8435422799574,
2020-12-04,,,118.13994394977696,
2020-12-07,,,119.1487770803338,
2020-12-08,,,119.33325062889618,
2020-12-09,,,119.54791257715353,
2020-12-10,,,119.74866998619986,
2020-12-11,,,119.96728483574798,
2020-12-14,,,120.65298028423592,
2020-12-15,,,120.701918126008,
2020-12-16,,,120.76891021004285,
2020-12-17,,,120.81134719812296,
2020-12-18,,,120.86272840296203,
2020-12-21,,,121.01384982142083,
2020-12-22,,,120.88134656504718,
2020-12-23,,,120.76940766030916,
2020-12-24,,,120.63798164944656,
2020-12-28,,,120.24542217978744,
2020-12-29,,,120.00067483354285,
2020-12-30,,,119.79502809814916,
2020-12-31,,,119.58996662818386,
2021-01-04,,,119.12352722929674,
2021-01-05,,,118.91751592363092,
2021-01-06,,,118.77307942894826,
2021-01-07,,,118.65088940843728,
2021-01-08,,,118.58708669170213,
2021-01-11,,,118.705142133917,
2021-01-12,,,118.66730778309648,
2021-01-13,,,118.7017259048594,
2021-01-14,,,118.76650538964056,
2021-01-15,,,118.8951163968415,
2021-01-19,,,119.74460279962491,
2021-01-20,,,119.95775975392564,
2021-01-21,,,120.19076804889926,
2021-01-22,,,120.47481655589844,
2021-01-25,,,121.5452251077594,
2021-01-26,,,121.77999753895986,
2021-01-27,,,122.05821593936106,
2021-01-28,,,122.33476805833202,
2021-01-29,,,122.61405157929046,
2021-02-01,,,123.53791058973756,
2021-02-02,,,123.68109865564398,
2021-02-03,,,123.84773160193092,
2021-02-04,,,123.99390206026456,
2021-02-05,,,124.15176052789433,
2021-02-08,,,124.62457403599151,
2021-02-09,,,124.5951220340314,
2021-02-10,,,124.58161117192336,
2021-02-11,,,124.54245663823052,
2021-02-12,,,124.51218278684412,
2021-02-16,,,124.22257775576875,
2021-02-17,,,124.04225972439384,
2021-02-18,,,123.8471860819891,
2021-02-19,,,123.6738121063932,
2021-02-22,,,123.25354007864676,
2021-02-23,,,122.9722604912274,
2021-02-24,,,122.73526797568115,
2021-02-25,,,122.50368608259564,
2021-02-26,,,122.31433781661346,
2021-03-01,,,121.96895277191,
2021-03-02,,,121.75208466199328,
2021-03-03,,,121.59782423046902,
2021-03-04,,,121.46607787013086,
2021-03-05,,,121.3922228965402,
2021-03-08,,,121.46982608052288,
2021-03-09,,,121.41282996011492,
2021-03-10,,,121.42426226783287,
2021-03-11,,,121.4617454210539,
2021-03-12,,,121.55834599317892,
2021-03-15,,,122.13192799516322,
2021-03-16,,,122.22792237332229,
2021-03-17,,,122.38288367190016,
2021-03-18,,,122.55271203516664,
2021-03-19,,,122.76896140016083,
2021-03-22,,,123.61380743015476,
2021-03-23,,,123.76848638139217,
2021-03-24,,,123.965707635233,
2021-03-25,,,124.16146327779578,
2021-03-26,,,124.38767717967046,
2021-03-29,,,125.17423359617143,
2021-03-30,,,125.28377823226286,
2021-03-31,,,125.42534671911882,
2021-04-01,,,125.55655955933402,
2021-04-05,,,126.2576393518265,
2021-04-06,,,126.28489475213756,
2021-04-07,,,126.34588728770544,
2021-04-08,,,126.39979443300972,
2021-04-09,,,126.48167864639602,
2021-04-12,,,126.84972410550743,
2021-04-13,,,126.83330761292356,
2021-04-14,,,126.85933750538706,
2021-04-15,,,126.88711909246126,
2021-04-16,,,126.95161673021217,
2021-04-19,,,127.31583907594586,
2021-04-20,,,127.31199219183402,
2021-04-21,,,127.35601577061982,
2021-04-22,,,127.4061596182574,
2021-04-23,,,127.49627321809488,
2021-04-26,,,127.94553229638616,
2021-04-27,,,127.9691509776282,
2021-04-28,,,128.03858615610926,
2021-04-29,,,128.11129005979342,
2021-04-30,,,128.22045908167246,
2021-05-03,,,128.70179259180486,
2021-05-04,,,128.72725842511247,
2021-05-05,,,128.7943167898312,
2021-05-06,,,128.86078792723134,
2021-05-07,,,128.96038379715475,
2021-05-10,,,129.39989852271273,
2021-05-11,,,129.40979605793268,
2021-05-12,,,129.46195559901452,
2021-05-13,,,129.51509531914664,
2021-05-14,,,129.60378925263768,
2021-05-17,,,130.0326912199987,
2021-05-18,,,130.04838850957282,
2021-05-19,,,130.11167124586484,
2021-05-20,,,130.18142411147866,
2021-05-21,,,130.29222751226658,
2021-05-24,,,130.8181375409575,
2021-05-25,,,130.8749043045578,
2021-05-26,,,130.99306087466744,
2021-05-27,,,131.1202170522628,
2021-05-28,,,131.29011240568374,
2021-06-01,,,132.10864818450383,
2021-06-02,,,132.27105683935352,
2021-06-03,,,132.43939988224545,
2021-06-04,,,132.64692408567765,
2021-06-07,,,133.44032234869383,
2021-06-08,,,133.5757677684785,
2021-06-09,,,133.7559550774054,
2021-06-10,,,133.93881887165637,
2021-06-11,,,134.1581914156875,
2021-06-14,,,134.97858507336997,
2021-06-15,,,135.12303233605945,
2021-06-16,,,135.31372188466267,
2021-06-17,,,135.50946105700345,
2021-06-18,,,135.7448894705768,
2021-06-21,,,136.63894552091725,
2021-06-22,,,136.81782642608852,
2021-06-23,,,137.0481191864853,
2021-06-24,,,137.2884569043344,
2021-06-25,,,137.5730841487323,
2021-06-28,,,138.63511637127417,
2021-06-29,,,138.87336254677786,
2021-06-30,,,139.16256116223758,
2021-07-01,,,139.45985577085753,
2021-07-02,,,139.79791672064874,
2021-07-06,,,141.24465015107305,
2021-07-07,,,141.5461318456464,
2021-07-08,,,141.84343205884602,
2021-07-09,,,142.16830037622512,
2021-07-12,,,143.2295127261965,
2021-07-13,,,143.42164520657974,
2021-07-14,,,143.64023852300102,
2021-07-15,,,143.84225379737725,
2021-07-16,,,144.06073479036988,
2021-07-19,,,144.75359727417614,
2021-07-20,,,144.81362206115284,
2021-07-21,,,144.89946109676305,
2021-07-22,,,144.97066392232617,
2021-07-23,,,145.06290038159824,
2021-07-26,,,145.42994260672145,
2021-07-27,,,145.40680628150395,
2021-07-28,,,145.4255511519504,
2021-07-29,,,145.44728050729202,
2021-07-30,,,145.50884904550898,
2021-08-02,,,145.90230516392737,
2021-08-03,,,145.92706462888262,
2021-08-04,,,146.01191004858518,
2021-08-05,,,146.11646356888636,
2021-08-06,,,146.27567715950082,
2021-08-09,,,147.02645141150833,
2021-08-10,,,147.18211480886632,
2021-08-11,,,147.39840489227618,
2021-08-12,,,147.63155849113605,
2021-08-13,,,147.91313318728666,
2021-08-16,,,148.9610878331461,
2021-08-17,,,149.18270060120656,
2021-08-18,,,149.4442287862024,
2021-08-19,,,149.6999933686524,
2021-08-20,,,149.9800916510783,
2021-08-23,,,150.87202993597788,
2021-08-24,,,150.99139667300304,
2021-08-25,,,151.12703294625848,
2021-08-26,,,151.23491390709137,
2021-08-27,,,151.34726305258093,
2021-08-30,,,151.6441149457023,
2021-08-31,,,151.5452422123852,
2021-09-01,,,151.45863702670792,
2021-09-02,,,151.34401968151693,
2021-09-03,,,151.23737022684287,
2021-09-07,,,150.66549391335144,
2021-09-08,,,150.42872385151662,
2021-09-09,,,150.1859981802432,
2021-09-10,,,149.97513427919847,
2021-09-13,,,149.51386466387748,
2021-09-14,,,149.24495921320283,
2021-09-15,,,149.0337345467657,
2021-09-16,,,148.84106338365038,
2021-09-17,,,148.70319362115936,
2021-09-20,,,148.57859453034365,
2021-09-21,,,148.45209388388758,
2021-09-22,,,148.39354450798237,
2021-09-23,,,148.36075331872334,
2021-09-24,,,148.3868826592977,
2021-09-27,,,148.74786749860814,
2021-09-28,,,148.7724191735311,
2021-09-29,,,148.85553833369153,
2021-09-30,,,148.95308770750083,
2021-10-01,,,149.09662752951527,
2021-10-04,,,149.72175167470007,
2021-10-05,,,149.8033565834023,
2021-10-06,,,149.92813144277193,
2021-10-07,,,150.05250835531135,
2021-10-08,,,150.2089171268198,
2021-10-11,,,150.80128618720147,
2021-10-12,,,150.8532376340032,
2021-10-13,,,150.94181251525626,
2021-10-14,,,151.02521054762795,
2021-10-15,,,151.13761286715962,
2021-10-18,,,151.59617082101585,
2021-10-19,,,151.60774258812188,
2021-10-20,,,151.66003951301835,
2021-10-21,,,151.7121586000126,
2021-10-22,,,151.79896380814515,
2021-10-25,,,152.21841879111108,
2021-10-26,,,152.2296962251796,
2021-10-27,,,152.28770067690402,
2021-10-28,,,152.3510802109645,
2021-10-29,,,152.4541353469355,
2021-11-01,,,152.9455627021536,
2021-11-02,,,152.9861907527314,
2021-11-03,,,153.07506829493403,
2021-11-04,,,153.170225638075,
2021-11-05,,,153.3054286145818,
2021-11-08,,,153.89174844988818,
2021-11-09,,,153.9628218335249,
2021-11-10,,,154.08151922942784,
2021-11-11,,,154.20602188165324,
2021-11-12,,,154.37034414884565,
2021-11-15,,,155.0462249128231,
2021-11-16,,,155.14927081620436,
2021-11-17,,,155.30170154602632,
2021-11-18,,,155.4620678806171,
2021-11-19,,,155.66468208160882,
2021-11-22,,,156.47140990656888,
2021-11-23,,,156.62319741163464,
2021-11-24,,,156.82645010337484,
2021-11-26,,,157.2949998479711,
2021-11-29,,,158.2569950451891,
2021-11-30,,,158.45529079723534,
2021-12-01,,,158.700268528049,
2021-12-02,,,158.94854856113994,
2021-12-03,,,159.23232622839038,
2021-12-06,,,160.21900466593888,
2021-12-07,,,160.40166069897995,
2021-12-08,,,160.61733401224024,
2021-12-09,,,160.82188057104344,
2021-12-10,,,161.0469566262963,
2021-12-13,,,161.76619597493433,
2021-12-14,,,161.83015266660863,
2021-12-15,,,161.9135239420199,
2021-12-16,,,161.97330547659675,
2021-12-17,,,162.04257039508363,
2021-12-20,,,162.24600636687438,
2021-12-21,,,162.12892630012828,
2021-12-22,,,162.0306257292482,
2021-12-23,,,161.91060945586642,
2021-12-27,,,161.5336316606025,
2021-12-28,,,161.28369903828872,
2021-12-29,,,161.06879219242614,
2021-12-30,,,160.85027909069086,
2021-12-31,,,160.66539226137022,
2022-01-03,,,160.28804981204874,
2022-01-04,,,160.0481431145238,
2022-01-05,,,159.86626690787512,
2022-01-06,,,159.70340843766274,
2022-01-07,,,159.59607236680566,
2022-01-10,,,159.57056782016184,
2022-01-11,,,159.4821177356576,
2022-01-12,,,159.46536520812057,
2022-01-13,,,159.31323250927667,
2022-01-14,,,159.22538953349968,
2022-01-18,,,159.2232361222245,
2022-01-19,,,159.22920407762513,
2022-01-20,,,159.2580608259683,
2022-01-21,,,159.34129515661405,
2022-01-24,,,159.8315381930828,
2022-01-25,,,159.88083501627216,
2022-01-26,,,159.97764221210107,
2022-01-27,,,160.07683074581044,
2022-01-28,,,160.20904448376913,
2022-01-31,,,160.7141051630408,
2022-02-01,,,160.7244461627065,
2022-02-02,,,160.76114464737557,
2022-02-03,,,160.77996063626276,
2022-02-04,,,160.81268189355646,
2022-02-07,,,160.91941017496887,
2022-02-08,,,160.76963189895557,
2022-02-09,,,160.63592037466674,
2022-02-10,,,160.476253394124,
2022-02-11,,,160.32472391155295,
2022-02-14,,,159.86784860082756,
2022-02-15,,,159.5345336234955,
2022-02-16,,,159.22333839742484,
2022-02-17,,,158.8944614563913,
2022-02-18,,,158.58410374813167,
2022-02-22,,,157.29922959492538,
2022-02-23,,,156.90707196808978,
2022-02-24,,,156.5165676624156,
2022-02-25,,,156.1646151969853,
2022-02-28,,,155.31080938258265,
2022-03-01,,,154.91832119154276,
2022-03-02,,,154.58583311389722,
2022-03-03,,,154.27358553125626,
2022-03-04,,,154.01731965930594,
2022-03-07,,,153.5402037234495,
2022-03-08,,,153.2971978866504,
2022-03-09,,,153.1227762760273,
2022-03-10,,,152.97497853291802,
2022-03-11,,,152.8872741845766,
2022-03-14,,,152.91747750377874,
2022-03-15,,,152.8365930587207,
2022-03-16,,,152.81723625629087,
2022-03-17,,,152.81550194699048,
2022-03-18,,,152.8630891958979,
2022-03-21,,,153.22002344599505,
2022-03-22,,,153.21805091177225,
2022-03-23,,,153.26146597805578,
2022-03-24,,,153.30610019157058,
2022-03-25,,,153.38367391285234,
2022-03-28,,,153.73662253980407,
2022-03-29,,,153.7047387393051,
2022-03-30,,,153.7058880088249,
2022-03-31,,,153.69735123801192,
2022-04-01,,,153.71244572932554,
2022-04-04,,,153.83953608391272,
2022-04-05,,,153.7255898703757,
2022-04-06,,,153.6442795855937,
2022-04-07,,,153.55458735971604,
2022-04-08,,,153.49142034068444,
2022-04-11,,,153.41468782933958,
2022-04-12,,,153.24671607097466,
2022-04-13,,,153.11960366595093,
2022-04-14,,,152.9927505033819,
2022-04-18,,,152.7909742435688,
2022-04-19,,,152.62745119018652,
2022-04-20,,,152.5113975583869,
2022-04-21,,,152.40127796494497,
2022-04-22,,,152.33114952945252,
2022-04-25,,,152.30166051572746,
2022-04-26,,,152.16686236472094,
2022-04-27,,,152.0786481314949,
2022-04-28,,,151.99453362811542,
2022-04-29,,,151.94774531532647,
2022-05-02,,,151.9661746451676,
2022-05-03,,,151.83877272103598,
2022-05-04,,,151.7535003643458,
2022-05-05,,,151.66803666201517,
2022-05-06,,,151.61593670505465,
2022-05-09,,,151.60010563807535,
2022-05-10,,,151.45756872850615,
2022-05-11,,,151.3567024587636,
2022-05-12,,,151.2560876282996,
2022-05-13,,,151.1901817070224,
2022-05-16,,,151.14943038172822,
2022-05-17,,,151.0065086267631,
2022-05-18,,,150.9101556358989,
2022-05-19,,,150.8193113442405,
2022-05-20,,,150.76863919179056,
2022-05-23,,,150.80603615868148,
2022-05-24,,,150.69908764908416,
2022-05-25,,,150.64286493685617,
2022-05-26,,,150.5956416540402,
2022-05-27,,,150.59132160586395,
2022-05-31,,,150.71748809334943,
2022-06-01,,,150.708466586936,
2022-06-02,,,150.70616953388156,
2022-06-03,,,150.7438540904117,
2022-06-06,,,151.0321708938498,
2022-06-07,,,151.00046529543795,
2022-06-08,,,151.01390649092193,
2022-06-09,,,151.0302782376001,
2022-06-10,,,151.08324822581065,
2022-06-13,,,151.40324364820384,
2022-06-14,,,151.3799359919653,
2022-06-15,,,151.4021447097667,
2022-06-16,,,151.4285599707211,
2022-06-17,,,151.49373323052217,
2022-06-21,,,151.87582540490166,
2022-06-22,,,151.9311734467588,
2022-06-23,,,151.995907340968,
2022-06-24,,,152.10445866449837,
2022-06-27,,,152.63779882193728,
2022-06-28,,,152.70057630576846,
2022-06-29,,,152.81518528119688,
2022-06-30,,,152.9390753646331,
2022-07-01,,,153.1052157769804,
2022-07-05,,,153.88434020850704,
2022-07-06,,,154.0249435013047,
2022-07-07,,,154.16401478609902,
2022-07-08,,,154.33332598917465,
2022-07-11,,,154.943179708396,
2022-07-12,,,154.9894056689775,
2022-07-13,,,155.0639329653452,
2022-07-14,,,155.12337888773325,
2022-07-15,,,155.20039558349197,
2022-07-18,,,155.47103837974203,
2022-07-19,,,155.38945097865007,
2022-07-20,,,155.33242650658065,
2022-07-21,,,155.25903994329278,
2022-07-22,,,155.20451295511114,
2022-07-25,,,155.11437309990973,
2022-07-26,,,154.93221321189756,
2022-07-27,,,154.78829263624115,
2022-07-28,,,154.64363604713856,
2022-07-29,,,154.53510421301485,
2022-08-01,,,154.3973288446993,
2022-08-02,,,154.23890736517168,
2022-08-03,,,154.13815187720678,
2022-08-04,,,154.05516640968995,
2022-08-05,,,154.02544027311902,
2022-08-08,,,154.2069494049784,
2022-08-09,,,154.1741315475079,
2022-08-10,,,154.20362416510028,
2022-08-11,,,154.25226351595708,
2022-08-12,,,154.352167786429,
2022-08-15,,,154.87692847105444,
2022-08-16,,,154.93263836904265,
2022-08-17,,,155.0329098189641,
2022-08-18,,,155.13216152613427,
2022-08-19,,,155.26048897604656,
2022-08-22,,,155.72405535529398,
2022-08-23,,,155.70863093583566,
2022-08-24,,,155.71276765655898,
2022-08-25,,,155.69190309648044,
2022-08-26,,,155.677663289418,
2022-08-29,,,155.60109001560477,
2022-08-30,,,155.37754890339318,
2022-08-31,,,155.16502288336164,
2022-09-01,,,154.92256845901326,
2022-09-02,,,154.68554145855404,
2022-09-06,,,153.61658797080142,
2022-09-07,,,153.24464803238303,
2022-09-08,,,152.8619176802433,
2022-09-09,,,152.50614080866868,
2022-09-12,,,151.58136146134757,
2022-09-13,,,151.14903524725614,
2022-09-14,,,150.77046920773677,
2022-09-15,,,150.40696235263803,
2022-09-16,,,150.0952433759649,
2022-09-19,,,149.4350220334997,
2022-09-20,,,149.12763668604563,
2022-09-21,,,148.8879817159349,
2022-09-22,,,148.67441173063173,
2022-09-23,,,148.5206052838026,
2022-09-26,,,148.35132545057846,
2022-09-27,,,148.20351683250848,
2022-09-28,,,148.11691902578548,
2022-09-29,,,148.04755855517698,
2022-09-30,,,148.0270886583263,
2022-10-03,,,148.177489138942,
2022-10-04,,,148.10627469572154,
2022-10-05,,,148.08063025835312,
2022-10-06,,,148.05673394717826,
2022-10-07,,,148.0667282450826,
2022-10-10,,,148.22782342692818,
2022-10-11,,,148.1375731956078,
2022-10-12,,,148.0841855910563,
2022-10-13,,,148.02556059328836,
2022-10-14,,,147.99560513531412,
2022-10-17,,,148.02283201747272,
2022-10-18,,,147.88864722387285,
2022-10-19,,,147.79401901707098,
2022-10-20,,,147.69799829404647,
2022-10-21,,,147.6354416447185,
2022-10-24,,,147.59991783021707,
2022-10-25,,,147.45752442322905,
2022-10-26,,,147.36104738809277,
2022-10-27,,,147.2692707083096,
2022-10-28,,,147.21663512657472,
2022-10-31,,,147.23913143905148,
2022-11-01,,,147.12322559380186,
2022-11-02,,,147.05561430142856,
2022-11-03,,,146.9943908085851,
2022-11-04,,,146.97336055911083,
2022-11-07,,,147.0919093728638,
2022-11-08,,,147.00727342671192,
2022-11-09,,,146.97027466832157,
2022-11-10,,,146.93901738456705,
2022-11-11,,,146.9474313267206,
2022-11-14,,,147.15384101461913,
2022-11-15,,,147.099562334817,
2022-11-16,,,147.094159515103,
2022-11-17,,,147.09615849361074,
2022-11-18,,,147.13987236375587,
2022-11-21,,,147.46715070554583,
2022-11-22,,,147.45851238509263,
2022-11-23,,,147.50126682510256,
2022-11-25,,,147.6493642089495,
2022-11-28,,,148.1354865962047,
2022-11-29,,,148.17746018284876,
2022-11-30,,,148.26770650791397,
2022-12-01,,,148.36310108257854,
2022-12-02,,,148.49607881417427,
2022-12-05,,,149.04488752555545,
2022-12-06,,,149.08693175702766,
2022-12-07,,,149.16481143401583,
2022-12-08,,,149.23439761258254,
2022-12-09,,,149.32730893389143,
2022-12-12,,,149.66563420529832,
2022-12-13,,,149.60714474869798,
2022-12-14,,,149.56987016295383,
2022-12-15,,,149.5104592610891,
2022-12-16,,,149.46159904075049,
2022-12-19,,,149.31275191842408,
2022-12-20,,,149.077407411288,
2022-12-21,,,148.8596373407515,
2022-12-22,,,148.618480884452,
2022-12-23,,,148.3891158828923,
2022-12-27,,,147.3461227056667,
2022-12-28,,,146.9917565195426,
2022-12-29,,,146.78190775648963,
2022-12-30,,,146.60151695494255,
2023-01-03,,,145.9601755077841,
2023-01-04,,,145.7622254524656,
2023-01-05,,,145.57967810281,
2023-01-06,,,145.44934077263588,
2023-01-09,,,145.33869339177983,
2023-01-10,,,145.21791950364846,
2023-01-11,,,145.1676612550816,
2023-01-12,,,145.14703596901836,
2023-01-13,,,145.19052640749518,
2023-01-17,,,145.72192806641152,
2023-01-18,,,145.8656820551179,
2023-01-19,,,146.03492415391847,
2023-01-20,,,146.26149907694352,
2023-01-23,,,147.2023686574261,
2023-01-24,,,147.4094499217773,
2023-01-25,,,147.6680505834179,
2023-01-26,,,147.93309273376832,
2023-01-27,,,148.2352169406288,
2023-01-30,,,149.2735251779447,
2023-01-31,,,149.46892915689023,
2023-02-01,,,149.69396976497998,
2023-02-02,,,149.90411839148965,
2023-02-03,,,150.1308384372765,
2023-02-06,,,150.83187576467705,
2023-02-07,,,150.88296387798476,
2023-02-08,,,150.9507914794007,
2023-02-09,,,150.9928989045412,
2023-02-10,,,151.04294103524143,
2023-02-13,,,151.18528454953966,
2023-02-14,,,151.04852055759878,
2023-02-15,,,150.93165585217125,
2023-02-16,,,150.79455431259717,
2023-02-17,,,150.6731155673932,
2023-02-21,,,150.11069527485452,
2023-02-22,,,149.8900646100677,
2023-02-23,,,149.6673058197876,
2023-02-24,,,149.4793304762279,
2023-02-27,,,149.09572214492871,
2023-02-28,,,148.85325501174938,
2023-03-01,,,148.66781230292176,
2023-03-02,,,148.4999242792161,
2023-03-03,,,148.38565789022613,
2023-03-06,,,148.32407291849492,
2023-03-07,,,148.2174255334124,
2023-03-08,,,148.17898682761367,
2023-03-09,,,148.16722203772247,
2023-03-10,,,148.21602043578795,
2023-03-13,,,148.6625198402822,
2023-03-14,,,148.723865445313,
2023-03-15,,,148.84899094631754,
2023-03-16,,,148.99424357019473,
2023-03-17,,,149.19152905076103,
2023-03-20,,,150.01514591788515,
2023-03-21,,,150.17477656205284,
2023-03-22,,,150.38277450024137,
2023-03-23,,,150.59486982748555,
2023-03-24,,,150.84263375186976,
2023-03-27,,,151.72040362782408,
2023-03-28,,,151.86732705107815,
2023-03-29,,,152.04870837344856,
2023-03-30,,,152.22149716558937,
2023-03-31,,,152.4186718700664,
2023-04-03,,,153.0931803588425,
2023-04-04,,,153.16104402949975,
2023-04-05,,,153.2607378602913,
2023-04-06,,,153.35100327550418,
2023-04-10,,,153.91697552385628,
2023-04-11,,,153.92147314274314,
2023-04-12,,,153.96517802754207,
2023-04-13,,,154.00753721156286,
2023-04-14,,,154.0837288143117,
2023-04-17,,,154.46876444684335,
2023-04-18,,,154.4683348638737,
2023-04-19,,,154.51470448922288,
2023-04-20,,,154.56655300692873,
2023-04-21,,,154.65815318510886,
2023-04-24,,,155.11444948214285,
2023-04-25,,,155.1423790534515,
2023-04-26,,,155.2175352437439,
2023-04-27,,,155.29753756779544,
2023-04-28,,,155.4156843043084,
2023-05-01,,,155.93404503343731,
2023-05-02,,,155.97490260808337,
2023-05-03,,,156.058573834411,
2023-05-04,,,156.14262300740558,
2023-05-05,,,156.26046876622874,
2023-05-08,,,156.75548414063348,
2023-05-09,,,156.78299953468124,
2023-05-10,,,156.85178848597,
2023-05-11,,,156.92027460760374,
2023-05-12,,,157.02277345083016,
2023-05-15,,,157.48195917528366,
2023-05-16,,,157.50368701569369,
2023-05-17,,,157.57093966025542,
2023-05-18,,,157.64267508593446,
2023-05-19,,,157.75360471516336,
2023-05-22,,,158.2708282087718,
2023-05-23,,,158.32257341067688,
2023-05-24,,,158.42466900967906,
2023-05-25,,,158.5355537671044,
2023-05-26,,,158.6892996990535,
2023-05-30,,,159.45047275795832,
2023-05-31,,,159.60155620610394,
2023-06-01,,,159.7600977948108,
2023-06-02,,,159.95940357738667,
2023-06-05,,,160.7373045247108,
2023-06-06,,,160.87021994797806,
2023-06-07,,,161.0488484828965,
2023-06-08,,,161.23084741497672,
2023-06-09,,,161.44973786568332,
2023-06-12,,,162.2675966121718,
2023-06-13,,,162.40970235243887,
2023-06-14,,,162.5967774706829,
2023-06-15,,,162.78736642149454,
2023-06-16,,,163.0158970643506,
2023-06-20,,,164.0418502186838,
2023-06-21,,,164.2557420977687,
2023-06-22,,,164.47818182315015,
2023-06-23,,,164.74373907080926,
2023-06-26,,,165.74585012681575,
2023-06-27,,,165.96494841287023,
2023-06-28,,,166.2363778032039,
2023-06-29,,,166.5178907427382,
2023-06-30,,,166.8427629391294,
2023-07-03,,,168.00946014859616,
2023-07-05,,,168.58266814445187,
2023-07-06,,,168.89267018127438,
2023-07-07,,,169.2355466652442,
2023-07-10,,,170.38196804770956,
2023-07-11,,,170.61204758723366,
2023-07-12,,,170.87262179564755,
2023-07-13,,,171.1200328256099,
2023-07-14,,,171.38660201447365,
2023-07-17,,,172.23142221541735,
2023-07-18,,,172.34155957688074,
2023-07-19,,,172.47562067779728,
2023-07-20,,,172.59218973628876,
2023-07-21,,,172.72600911804895,
2023-07-24,,,173.18688084062217,
2023-07-25,,,173.18247761440037,
2023-07-26,,,173.21288311905005,
2023-07-27,,,173.23894320227606,
2023-07-28,,,173.29741937450575,
2023-07-31,,,173.63869426837988,
2023-08-01,,,173.63315514539036,
2023-08-02,,,173.68235257452352,
2023-08-03,,,173.74678944882947,
2023-08-04,,,173.86242149104112,
2023-08-07,,,174.47308807920726,
2023-08-08,,,174.583024761025,
2023-08-09,,,174.75617310638845,
2023-08-10,,,174.94999767262885,
2023-08-11,,,175.19722362450256,
2023-08-14,,,176.18222751151896,
2023-08-15,,,176.39897188640325,
2023-08-16,,,176.66466664889938,
2023-08-17,,,176.93394812632354,
2023-08-18,,,177.237034026649,
2023-08-21,,,178.25297938220993,
2023-08-22,,,178.43046399699855,
2023-08-23,,,178.63137183313628,
2023-08-24,,,178.8106936542323,
2023-08-25,,,178.99953473958996,
2023-08-28,,,179.54349629932415,
2023-08-29,,,179.52834227118356,
2023-08-30,,,179.52381498596355,
2023-08-31,,,179.48827735700365,
2023-09-01,,,179.45641367411227,
2023-09-05,,,179.11843068216572,
2023-09-06,,,178.91945125467785,
2023-09-07,,,178.70507229050278,
2023-09-08,,,178.51284531190282,
2023-09-11,,,178.04940847601137,
2023-09-12,,,177.76139664968753,
2023-09-13,,,177.52278442406742,
2023-09-14,,,177.29521400224624,
2023-09-15,,,177.11582501829628,
2023-09-18,,,176.83585396145992,
2023-09-19,,,176.65145101521142,
2023-09-20,,,176.53384595541303,
2023-09-21,,,176.4419644487245,
2023-09-22,,,176.4100388825918,
2023-09-25,,,176.61260140727435,
2023-09-26,,,176.59225669892783,
2023-09-27,,,176.635462815657,
2023-09-28,,,176.69849760799815,
2023-09-29,,,176.81319579353396,
2023-10-02,,,177.38649617836745,
2023-10-03,,,177.46196091935803,
2023-10-04,,,177.5856533466431,
2023-10-05,,,177.71355122531074,
2023-10-06,,,177.8775527512125,
2023-10-09,,,178.51102578406892,
2023-10-10,,,178.58061656730197,
2023-10-11,,,178.68770946799782,
2023-10-12,,,178.78988232915844,
2023-10-13,,,178.92073697027948,
2023-10-16,,,179.42781005575526,
2023-10-17,,,179.4519938301327,
2023-10-18,,,179.51468045215233,
2023-10-19,,,179.57482381009757,
2023-10-20,,,179.66722436642823,
2023-10-23,,,180.08934219039793,
2023-10-24,,,180.0972573688012,
2023-10-25,,,180.1501235047164,
2023-10-26,,,180.2068467400618,
2023-10-27,,,180.30200173206677,
2023-10-30,,,180.7650048959361,
2023-10-31,,,180.79542154738544,
2023-11-01,,,180.87406871717675,
2023-11-02,,,180.9591295226125,
2023-11-03,,,181.0844779810202,
2023-11-06,,,181.64306599038048,
2023-11-07,,,181.70540613760653,
2023-11-08,,,181.81547524996824,
2023-11-09,,,181.9313165152009,
2023-11-10,,,182.08678536605908,
2023-11-13,,,182.7332517225234,
2023-11-14,,,182.82500788644637,
2023-11-15,,,182.9651923646812,
2023-11-16,,,183.11227947480407,
2023-11-17,,,183.3005516066737,
2023-11-20,,,184.05840872470228,
2023-11-21,,,184.19244055950543,
2023-11-22,,,184.37760385543487,
2023-11-24,,,184.81035393130375,
2023-11-27,,,185.72607402132263,
2023-11-28,,,185.9128993650511,
2023-11-29,,,186.14925804711905,
2023-11-30,,,186.39229033252863,
2023-12-01,,,186.6746891124505,
2023-12-04,,,187.68479123859572,
2023-12-05,,,187.8855889800679,
2023-12-06,,,188.124951777948,
2023-12-07,,,188.35882754383465,
2023-12-08,,,188.6188627846497,
2023-12-11,,,189.4750522988558,
2023-12-12,,,189.59423820695835,
2023-12-13,,,189.7368095180044,
2023-12-14,,,189.85912472589365,
2023-12-15,,,189.99353466456563,
2023-12-18,,,190.39982763323007,
2023-12-19,,,190.3498504357497,
2023-12-20,,,190.31683451934168,
2023-12-21,,,190.2593451173317,
2023-12-22,,,190.2120916880679,
2023-12-26,,,189.8732983586877,
2023-12-27,,,189.68702952697905,
2023-12-28,,,189.48933408673943,
2023-12-29,,,189.31710357192284,
2024-01-02,,,188.66647040892215,
2024-01-03,,,188.4557790997169,
2024-01-04,,,188.2565747455056,
2024-01-05,,,188.10589809934115,
2024-01-08,,,187.91528227737297,
2024-01-09,,,187.7628146669712,
2024-01-10,,,187.6790768551629,
2024-01-11,,,187.6236669696821,
2024-01-12,,,187.63156530109933,
2024-01-16,,,188.0226226379523,
2024-01-17,,,188.13425194724704,
2024-01-18,,,188.27346820732876,
2024-01-19,,,188.47252120031987,
2024-01-22,,,189.34929161199335,
2024-01-23,,,189.54207872560804,
2024-01-24,,,189.79025352899217,
2024-01-25,,,190.0488575165573,
2024-01-26,,,190.34859605384773,
2024-01-29,,,191.40389724006067,
2024-01-30,,,191.61269801874505,
2024-01-31,,,191.85471886437293,
2024-02-01,,,192.0851929555252,
2024-02-02,,,192.3353046547789,
2024-02-05,,,193.1215982815304,
2024-02-06,,,193.20488380344744,
2024-02-07,,,193.30611939415687,
2024-02-08,,,193.3824161888056,
2024-02-09,,,193.4669925987275,
2024-02-12,,,193.7106463001469,
2024-02-13,,,193.60547181447475,
2024-02-14,,,193.51843496425707,
2024-02-15,,,193.40902920582357,
2024-02-16,,,193.3128118182172,
2024-02-20,,,192.82089638139516,
2024-02-21,,,192.6092393381633,
2024-02-22,,,192.39172660230776,
2024-02-23,,,192.20522042744025,
2024-02-26,,,191.80361350421276,
2024-02-27,,,191.5480110863564,
2024-02-28,,,191.34615161039588,
2024-02-29,,,191.15880475388016,
2024-03-01,,,191.02231772124784,
2024-03-04,,,190.88082869303685,
2024-03-05,,,190.74438320401225,
2024-03-06,,,190.6752409332984,
2024-03-07,,,190.63229051338703,
2024-03-08,,,190.64984721441272,
2024-03-11,,,191.00644229615733,
2024-03-12,,,191.040398128034,
2024-03-13,,,191.1400125896456,
2024-03-14,,,191.26193664802048,
2024-03-15,,,191.4383392395548,
2024-03-18,,,192.21592228889708,
2024-03-19,,,192.36614338699255,
2024-03-20,,,192.56776714934395,
2024-03-21,,,192.77648556287988,
2024-03-22,,,193.02378077336977,
2024-03-25,,,193.9159975270641,
2024-03-26,,,194.07228184518863,
2024-03-27,,,194.2648415414834,
2024-03-28,,,194.45031434448657,
2024-04-01,,,195.3811269937816,
2024-04-02,,,195.4641994598169,
2024-04-03,,,195.57864077403332,
2024-04-04,,,195.68291317961396,
2024-04-05,,,195.8114699351021,
2024-04-08,,,196.29307177150443,
2024-04-09,,,196.30488487659943,
2024-04-10,,,196.35425230996205,
2024-04-11,,,196.40061651053347,
2024-04-12,,,196.47919267832955,
2024-04-15,,,196.86259593698887,
2024-04-16,,,196.8591664070756,
2024-04-17,,,196.9016075440776,
2024-04-18,,,196.9488044293232,
2024-04-19,,,197.03524376007104,
2024-04-22,,,197.47513656528832,
2024-04-23,,,197.49795847142045,
2024-04-24,,,197.5684789902403,
2024-04-25,,,197.6444576978912,
2024-04-26,,,197.75930420769828,
2024-04-29,,,198.2727382825881,
2024-04-30,,,198.3136559271164,
2024-05-01,,,198.39817818927955,
2024-05-02,,,198.48378730234072,
2024-05-03,,,198.60379319306892,
2024-05-06,,,199.1074896703332,
2024-05-07,,,199.13809515218725,
2024-05-08,,,199.2097873708892,
2024-05-09,,,199.28082077988617,
2024-05-10,,,199.38535069539375,
2024-05-13,,,199.84616810403196,
2024-05-14,,,199.8666068452516,
2024-05-15,,,199.93154687976184,
2024-05-16,,,199.9999260009264,
2024-05-17,,,200.1064660480777,
2024-05-20,,,200.6048690437018,
2024-05-21,,,200.6487735074843,
2024-05-22,,,200.7424591567085,
2024-05-23,,,200.8445184063517,
2024-05-24,,,200.98918677221917,
2024-05-28,,,201.7148387487735,
2024-05-29,,,201.85800006485263,
2024-05-30,,,202.0092518307601,
2024-05-31,,,202.20198465380383,
2024-06-03,,,202.96487845149025,
2024-06-04,,,203.09434409481065,
2024-06-05,,,203.27021265031232,
2024-06-06,,,203.4500458849141,
2024-06-07,,,203.66724416541277,
2024-06-10,,,204.48137116177185,
2024-06-11,,,204.62212290917407,
2024-06-12,,,204.80750095882505,
2024-06-13,,,204.99588502299895,
2024-06-14,,,205.2215526548037,
2024-06-17,,,206.06958626512608,
2024-06-18,,,206.22730430816773,
2024-06-20,,,206.64768342032608,
2024-06-21,,,206.90392222033836,
2024-06-24,,,207.8743576021552,
2024-06-25,,,208.08233681180124,
2024-06-26,,,208.34278577067332,
2024-06-27,,,208.61374372924809,
2024-06-28,,,208.92878700627105,
2024-07-01,,,210.0733947104758,
2024-07-02,,,210.33367483829804,
2024-07-03,,,210.64087822065324,
2024-07-05,,,211.2973745532176,
2024-07-08,,,212.46882737317424,
2024-07-09,,,212.7125014810983,
2024-07-10,,,212.98912249346296,
2024-07-11,,,213.2548331797205,
2024-07-12,,,213.54169442881533,
2024-07-15,,,214.4559223085371,
2024-07-16,,,214.59067265676936,
2024-07-17,,,214.7493190013488,
2024-07-18,,,214.88995719353247,
2024-07-19,,,215.0468378422641,
2024-07-22,,,215.5661272762993,
2024-07-23,,,215.5761838779065,
2024-07-24,,,215.61794455385927,
2024-07-25,,,215.6519856843909,
2024-07-26,,,215.7148709531328,
2024-07-29,,,216.0471630011199,
2024-07-30,,,216.03139124391976,
2024-07-31,,,216.067034603749,
2024-08-01,,,216.11489975421307,
2024-08-02,,,216.211323115512,
2024-08-05,,,216.7533377363695,
2024-08-06,,,216.838572762539,
2024-08-07,,,216.9871272207117,
2024-08-08,,,217.15710036716487,
2024-08-09,,,217.38184875134547,
2024-08-12,,,218.3136262738184,
2024-08-13,,,218.51913855783775,
2024-08-14,,,218.77759282407345,
2024-08-15,,,219.0439539568544,
2024-08-16,,,219.3486803198939,
2024-08-19,,,220.3978834370957,
2024-08-20,,,220.5957263866159,
2024-08-21,,,220.82129507569044,
2024-08-22,,,221.029238842839,
2024-08-23,,,221.2502361724085,
2024-08-26,,,221.9065229832045,
2024-08-27,,,221.93203391576745,
2024-08-28,,,221.96865880959675,
2024-08-29,,,221.9740601383736,
2024-08-30,,,221.9822253709488,
2024-09-03,,,221.78225985962615,
2024-09-04,,,221.60943210018817,
2024-09-05,,,221.41696543064708,
2024-09-06,,,221.2421042912341,
2024-09-09,,,220.80180201804845,
2024-09-10,,,220.5117605631482,
2024-09-11,,,220.26643813264525,
2024-09-12,,,220.02772281923205,
2024-09-13,,,219.83307903288545,
2024-09-16,,,219.4869222783998,
2024-09-17,,,219.27531719203705,
2024-09-18,,,219.128858209166,
2024-09-19,,,219.0070462585907,
2024-09-20,,,218.94468719809137,
2024-09-23,,,219.05838293002128,
2024-09-24,,,219.0108728049489,
2024-09-25,,,219.028845512948,
2024-09-26,,,219.06891344968165,
2024-09-27,,,219.1631797584059,
2024-09-30,,,219.69203202158675,
2024-10-01,,,219.75849176432664,
2024-10-02,,,219.8760140060276,
2024-10-03,,,220.00044168946215,
2024-10-04,,,220.163484865825,
2024-10-07,,,220.80663362834028,
2024-10-08,,,220.88264028152088,
2024-10-09,,,220.99720319534188,
2024-10-10,,,221.1075678564739,
2024-10-11,,,221.2470108808621,
2024-10-14,,,221.77924579471068,
2024-10-15,,,221.81075659873107,
2024-10-16,,,221.87989569034093,
2024-10-17,,,221.94546848854225,
2024-10-18,,,222.04216812143247,
2024-10-21,,,222.4699351684323,
2024-10-22,,,222.4773505099613,
2024-10-23,,,222.52862419703712,
2024-10-24,,,222.5827615625414,
2024-10-25,,,222.6744555537579,
2024-10-28,,,223.1231707623965,
2024-10-29,,,223.14798478792397,
2024-10-30,,,223.22082722374785,
2024-10-31,,,223.2999937626824,
2024-11-01,,,223.4194532297784,
2024-11-04,,,223.9610324161216,
2024-11-05,,,224.01801469534388,
2024-11-06,,,224.1228697975753,
2024-11-07,,,224.23360157996785,
2024-11-08,,,224.38400829978332,
2024-11-11,,,225.0148132139082,
2024-11-12,,,225.10090694668264,
2024-11-13,,,225.23506852521987,
2024-11-14,,,225.3757008493264,
2024-11-15,,,225.5570301390512,
2024-11-18,,,226.2908900115528,
2024-11-19,,,226.41591849552648,
2024-11-20,,,226.59167711379885,
2024-11-21,,,226.77661867862304,
2024-11-22,,,227.00487760561964,
2024-11-25,,,227.891952317004,
2024-11-26,,,228.07026556811985,
2024-11-27,,,228.2990428223589,
2024-11-29,,,228.81315890034952,
2024-12-02,,,229.8197709394753,
2024-12-03,,,230.0239265993497,
2024-12-04,,,230.2692183421188,
2024-12-05,,,230.51172625821525,
2024-12-06,,,230.78318534993065,
2024-12-09,,,231.69054170461112,
2024-12-10,,,231.832198323749,
2024-12-11,,,231.99970324624712,
2024-12-12,,,232.14918751436548,
2024-12-13,,,232.31272378146645,
2024-12-16,,,232.8146833556572,
2024-12-17,,,232.7980195538284,
2024-12-18,,,232.79829083161752,
2024-12-19,,,232.7735937970976,
2024-12-20,,,232.7581639426259,
2024-12-23,,,232.71832482408024,
2024-12-24,,,232.52779802330824,
2024-12-26,,,232.18096801329813,
2024-12-27,,,232.02185877923364,
2024-12-30,,,231.647089280077,
2024-12-31,251.3131647272356,251.60864830354691,231.38292702020155,256.05438
2025-01-01,251.07905675335627,251.60406609707377,231.16462578380649,256.29358
2025-01-02,251.3716087723265,251.80700343773103,230.95368863580603,256.49078
2025-01-03,251.848956817401,252.0438363719808,230.7873143190961,256.6629
2025-01-06,251.92669002966431,252.3602397308768,230.52828462903256,256.82388
2025-01-07,251.48105420700173,252.5792551821465,230.34699381861208,256.98346
2025-01-08,251.171850230002,252.65120128468385,230.23208117482704,257.14786
2025-01-09,251.4543342559257,252.48344408851773,230.14359393481973,257.32083
2025-01-10,251.9076206090196,252.74871298216163,230.1169878026243,257.50464
2025-01-13,251.85715974951637,252.61595291923683,230.36007512309936,257.7004
2025-01-14,251.3791017281376,253.02126016383767,230.3657538179704,257.90842
2025-01-15,251.1854691277459,253.21311730985744,230.44325489812243,258.12817
2025-01-16,251.56383452683735,253.09188200568235,230.54988910403048,258.359
2025-01-17,251.95021196731835,253.02370015790868,230.7183521714797,258.59982
2025-01-20,251.76972117134275,253.19704668889128,231.51925299032075,258.8494
2025-01-21,251.2919281422894,253.41978255911727,231.6931604953853,259.10632
2025-01-22,251.22824891460584,253.72980606063803,231.92609907533387,259.36923
2025-01-23,251.6726791769981,253.94602577698848,232.173296813894,259.6368
2025-01-24,251.9630603747336,254.0166054796153,232.46559205197676,259.9081
2025-01-27,251.66763094215085,253.8483397919266,233.5228531939124,260.18195
2025-01-28,251.2270008645564,254.1132926649202,233.74030452297376,260.45758
2025-01-29,251.29701858545988,253.9804352076555,233.99479422460823,260.73434
2025-01-30,251.7725859967699,254.3854989785792,234.24137334824175,261.0117
2025-01-31,251.9454029371472,254.5771596156928,234.5109988363521,261.28915
2025-02-03,251.5588931729192,254.4559163469092,235.37340952099908,261.56644
2025-02-04,251.189131545529,254.38773078227055,235.48679529715065,261.84348
2025-02-05,251.38623299871472,254.5610755796558,235.6198599454568,262.12015
2025-02-06,251.8559178576119,254.7838106565937,235.7293019210715,262.39648
2025-02-07,251.8988786111072,255.0938337797921,235.84791308147248,262.67267
2025-02-10,251.4519680432806,255.31005331168316,236.194645863235,262.94855
2025-02-11,251.18100201994324,255.38063293133123,236.1227066473592,263.22446
2025-02-12,251.48881589389845,255.2123671990383,236.06763897664976,263.50046
2025-02-13,251.9163863550862,255.4773200549207,235.9885372121853,263.7766
2025-02-14,251.82734154372892,255.34446258737157,235.92058189118765,264.0531
2025-02-17,251.35509957470177,255.74952636269384,235.74265118794904,264.33
2025-02-18,251.20297248399973,255.9411870057108,235.51479286336155,264.6075
2025-02-19,251.59672198053295,255.81994373579957,235.3166250684436,264.88553
2025-02-20,251.94952599181255,255.7517581706359,235.10900437247187,265.1643
2025-02-21,251.73654349390503,255.92510296777655,234.9286827003078,265.44373
2025-02-24,251.27568062959443,256.14783804459984,234.52301621147905,265.72397
2025-02-25,251.253074558929,256.4578611677453,234.258649636211,266.00494
2025-02-26,251.7015671890969,256.674080699612,234.044507550906,266.2867
2025-02-27,251.95302273853773,256.7446603192487,233.841543524254,266.56927
2025-02-28,251.6336723991457,256.5763945869507,233.6863334348115,266.8526
2025-03-03,251.21968945211515,256.8413474428305,233.47292923850975,267.13684
2025-03-04,251.32718432642503,256.70848997528026,233.30839819599032,267.4218
2025-03-05,251.795279421223,257.1135537506017,233.20974940307448,267.70746
2025-03-06,251.9268734248582,257.305214393618,233.13628233889688,267.99393
2025-03-07,251.5267841475615,257.18397112370667,233.122733975608,268.28113
2025-03-10,251.19124056770684,257.115785558543,233.38672404811723,268.56906
2025-03-11,251.4193603289073,257.2891303556837,233.39142251915555,268.85773
2025-03-12,251.8707193383418,257.5118654325069,233.46322927195757,269.14713
2025-03-13,251.87336517240743,257.8218885556524,233.5591426520496,269.43713
2025-03-14,251.42417241507155,258.03810808751905,233.7116447226443,269.72803
2025-03-17,251.19228370615764,258.1086877071557,234.43270222442703,270.0196
2025-03-18,251.5223189370972,257.9404219748577,234.56974590551147,270.31186
2025-03-19,251.92222350045589,258.2053748307376,234.76120145118267,270.60486
2025-03-20,251.79687808007267,258.0725173631873,234.9627883882749,270.8985
2025-03-21,251.33372580794347,258.4775811385087,235.20596376350616,271.19296
2025-03-24,251.22247267433195,258.669241781525,236.1028829600041,271.4881
2025-03-25,251.62800912393632,258.5479985116137,236.2658539203837,
2025-03-26,251.94602859496524,258.47981294645,236.46727400293585,
2025-03-27,251.70352799631263,258.65315774359067,236.6634992490009,
2025-03-28,251.2623220880174,258.8758928204139,236.88687315098,
2025-03-31,251.2792127780443,259.18591594355934,237.64987881613143,
2025-04-01,251.72824134626,259.40213547542606,237.7483069741648,
2025-04-02,251.9405450532697,259.4727150950627,237.8780257593491,
2025-04-03,251.6006784158696,259.3044493627648,237.9971882148302,
2025-04-04,251.2153059448981,259.5694022186446,238.13996169254105,
2025-04-07,251.35788152154225,259.4365447510943,238.6577761569613,
2025-04-08,251.8153214635848,259.8416085264157,238.6788986200838,
2025-04-09,251.90646027371716,260.033269169432,238.73598901414576,
2025-04-10,251.49636038726172,259.9120258995207,238.7884310974238,
2025-04-11,251.1960899066394,259.843840334357,238.87142478096283,
2025-04-14,251.45220397423145,260.0171851314977,239.258583146887,
2025-04-15,251.88264067616697,260.23992020832094,239.25358005177736,
2025-04-16,251.84666501113392,260.54994333146635,239.293283870206,
2025-04-17,251.3986460737245,260.7661628633331,239.336765619022,
2025-04-18,251.2059081109957,260.8367424829697,239.41871427206016,
2025-04-21,251.5547524132863,260.66847675067174,239.8426181843629,
2025-04-22,251.9251763036149,260.9334296065516,239.859977349818,
2025-04-23,251.7660102121802,260.8005721390013,239.9252971303322,
2025-04-24,251.31502477964227,261.2056359143227,239.9965079865351,
2025-04-25,251.243740582614,261.397296557339,240.10716625399527,
2025-04-28,251.65753052374336,261.2760532874277,240.61254534209556,
2025-04-29,251.93986552010284,261.20786772226404,240.65246456359773,
2025-04-30,251.670914608878,261.3812125194047,240.7368397661529,
2025-05-01,251.2518296244417,261.60394759622795,240.82310875045025,
2025-05-02,251.3064123304357,261.91397071937337,240.9445065672093,
2025-05-05,251.7525962630152,262.1301902512401,241.4556327480614,
2025-05-06,251.9258243179754,262.20076987087674,241.48931920327897,
2025-05-07,251.56885472918847,262.0325041385788,241.56412125387948,
2025-05-08,251.21375869929145,262.2974569944586,241.6381207247532,
2025-05-09,251.38885803524008,262.1645995269083,241.74530238398748,
2025-05-12,251.8326749231142,262.56966330222974,242.2106283294888,
2025-05-13,251.88439617790783,262.76132394524603,242.23098336743664,
2025-05-14,251.46777778209017,262.6400806753348,242.2948834816056,
2025-05-15,251.2035268480344,262.57189511017106,242.3612089528681,
2025-05-16,251.4845303879609,262.7452399073117,242.4646538384785,
2025-05-19,251.8917151176312,262.96797498413497,242.9477007485801,
2025-05-20,251.8190282193533,263.2779981072804,242.9846689320124,
2025-05-21,251.375483468471,263.4942176391471,243.07067851347608,
2025-05-22,251.22167379710515,263.56479725878376,243.1644562100321,
2025-05-23,251.58591923946372,263.3965315264858,243.30038792410988,
2025-05-26,251.9253452555232,263.66148438236564,243.9059514309608,
2025-05-27,251.7349859528181,263.52862691481533,243.9898272077097,
2025-05-28,251.29902275499293,263.9336906901368,244.12443302314088,
2025-05-29,251.26654204898765,264.12535133315305,244.267620827736,
2025-05-30,251.68514045764363,264.00410806324174,244.45289677977053,
2025-06-02,251.93119613371067,263.93592249807807,245.19783413723624,
2025-06-03,251.6389301239269,264.1092672952188,245.32289677927983,
2025-06-04,251.24415990501564,264.332002372042,245.4951314447241,
2025-06-05,251.33442471812103,264.6420254951874,245.67204014367192,
2025-06-06,251.77454837275224,264.8582450270541,245.88693455285213,
2025-06-09,251.90906593280167,264.9288246466908,246.69661911687533,
2025-06-10,251.53838958158696,264.7605589143928,246.83620251027816,
2025-06-11,251.214938756904,265.02551177027266,247.02028551632236,
2025-06-12,251.4198703578942,264.89265430272235,247.20707414862423,
2025-06-13,251.8473242849407,265.2977180780438,247.43067861204037,
2025-06-16,251.8609162887656,265.48937872106006,248.26827266572013,
2025-06-17,251.4411718294718,265.3681354511488,248.4207314372144,
2025-06-18,251.21338581740275,265.2999498859851,248.62087031279864,
2025-06-19,251.5161198158873,265.47329468312574,248.82760410680572,
2025-06-20,251.8979957853041,265.696029759949,249.0756221857679,
2025-06-23,251.7907012653721,266.0060528830944,250.01655670913124,
2025-06-24,251.3547573590442,266.22227241496114,250.21361402613277,
2025-06-25,251.2393718750048,266.2928520345978,250.46295173254208,
2025-06-26,251.6156401796876,266.1245863022998,250.72286841711053,
2025-06-27,251.9228473941305,266.3895391581797,251.02722257479928,
2025-06-30,251.7040439447908,266.25668169062936,252.1448854264717,
2025-07-01,251.2857247001086,266.6617454659508,252.39889963424525,
2025-07-02,251.29064139653136,266.8534061089671,252.70167104604712,
2025-07-03,251.71071368966489,266.7321628390558,253.00988086280395,
2025-07-04,251.92019177189516,266.6639772738921,253.35577157486188,
2025-07-07,251.607786993234,266.8373220710328,254.54234285146896,
2025-07-08,251.2392503291357,267.060057147856,254.796362663821,
2025-07-09,251.3630059248672,267.3700802710014,255.0859414432114,
2025-07-10,251.7940356280652,267.5862998028681,255.3671021150036,
2025-07-11,251.89048180667623,267.6568794225048,255.6717218963813,
2025-07-14,251.50945305703368,267.4886136902068,256.6503362704119,
2025-07-15,251.21872139504504,267.7535665460867,256.80907114394046,
2025-07-16,251.4506850601852,267.6207090785364,256.9922625989452,
2025-07-17,251.859274914527,268.0257728538578,257.157538366805,
2025-07-18,251.8362563519204,268.2174334968741,257.338663346926,
2025-07-21,251.41665748754548,268.0961902269628,257.9234455857624,
2025-07-22,251.2254901647127,268.0280046617991,257.9513680104766,
2025-07-23,251.54676735350256,268.2013494589398,258.0083149317615,
2025-07-24,251.90155443589163,268.42408453576303,258.05451529146575,
2025-07-25,251.7619253046608,268.73410765890844,258.12624660806216,
2025-07-28,251.33651919329537,268.9503271907752,258.4634223825366,
2025-07-29,251.25878788182507,269.0209068104118,258.4418713370306,
2025-07-30,251.64375442696632,268.85264107811383,258.46815033725846,
2025-07-31,251.917814726002,269.1175939339937,258.50326643481293,
2025-08-01,251.6734120745708,268.9847364664434,258.5838396903625,
2025-08-04,251.27511515000108,269.3898002417648,259.0636680207585,
2025-08-05,251.3158032581012,269.5814608847811,259.1249411402125,
2025-08-06,251.7341455360984,269.4602176148698,259.2488651928391,
2025-08-07,251.9070339504904,269.39203204970613,259.3941581942838,
2025-08-08,251.5776823487356,269.5653768468468,259.5948099731819,
2025-08-11,251.2370203163209,269.78811192367004,260.46404960603843,
2025-08-12,251.39191805046892,270.09813504681546,260.6539228040504,
2025-08-13,251.81101705026683,270.3143545786822,260.9002079622132,
2025-08-14,251.8702884960758,270.38493419831883,261.1582966305189,
2025-08-15,251.48219658076388,270.21666846602085,261.45899649321314,
2025-08-18,251.2249677293032,270.4816213219007,262.5237602415533,
2025-08-19,251.4810801102956,270.3487638543504,262.7362444231557,
2025-08-20,251.8685521302253,270.75382762967183,262.9810531675928,
2025-08-21,251.81065091915636,270.9454882726881,263.21261066300946,
2025-08-22,251.39432918834532,270.8242450027768,263.4612764807593,
2025-08-25,251.23965395602545,270.75605943761315,264.2204511431974,
2025-08-26,251.57628384721195,270.9294042347538,264.28505170318266,
2025-08-27,251.9024801317774,271.15213931157706,264.36211131068404,
2025-08-28,251.73293460228484,271.4621624347225,264.4086084926252,
2025-08-29,251.3207996281316,271.6783819665892,264.4578317119346,
2025-09-01,251.279703621888,271.74896158622585,264.5659419652358,
2025-09-02,251.6701200226116,271.58069585392786,264.4080442191969,
2025-09-03,251.91039260308415,271.84564870980773,264.2661052265343,
2025-09-04,251.64330622527905,271.7127912422574,264.10079186653724,
2025-09-05,251.2671591924583,272.11785501757885,263.94893511911323,
2025-09-08,251.34179432322253,272.30951566059514,263.54991553163217,
